Date,AveragePrice,TotalVolume,plu4046,plu4225,plu4770,TotalBags,SmallBags,LargeBags,XLargeBags,type,region
2023-01-01,1.091824689,128024.89,28700.98,81687.57,20.43,17615.92,,,,conventional,Albany
2023-01-01,2.067483216,2237.52,120.34,425.63,2.04,1689.52,,,,organic,Albany
2023-01-01,0.915235728,723751.85,415298.85,234933.53,233.84,73285.63,,,,conventional,Atlanta
2023-01-01,0.833448122,53216.62,1708.12,18599.7,0.0,32908.79,,,,organic,Atlanta
2023-01-01,1.311804625,769116.53,122554.95,316483.18,1662.49,328390.63,,,,conventional,BaltimoreWashington
2023-01-01,1.79203364,39472.99,475.74,8479.24,2.3,30515.71,,,,organic,BaltimoreWashington
2023-01-01,0.871061471,317957.95,226820.65,33761.84,61.95,57313.52,,,,conventional,BirminghamMontgomery
2023-01-01,0.911702121,12527.2,30.77,3318.41,0.0,9178.02,,,,organic,BirminghamMontgomery
2023-01-01,0.915878873,123577.25,67107.29,40179.44,195.73,16094.8,,,,conventional,Boise
2023-01-01,1.746878377,5091.48,758.51,3369.86,0.0,963.11,,,,organic,Boise
2023-01-01,1.372906427,464542.06,43616.01,319846.94,86.94,100987.44,,,,conventional,Boston
2023-01-01,1.799477875,21885.15,160.55,2544.76,0.0,19179.84,,,,organic,Boston
2023-01-01,1.096880352,156669.33,32344.16,48800.12,1104.48,74348.33,,,,conventional,BuffaloRochester
2023-01-01,1.881837758,7233.28,544.14,122.89,0.0,6566.26,,,,organic,BuffaloRochester
2023-01-01,1.168053934,5978815.62,3126017.36,566413.24,1084794.62,1201590.41,,,,conventional,California
2023-01-01,1.827464887,295496.52,123403.29,12492.58,1.45,159599.2,,,,organic,California
2023-01-01,1.153965401,355880.23,157167.71,59347.72,810.13,138542.5,,,,conventional,Charlotte
2023-01-01,1.753511587,16450.48,473.4,2851.6,2.21,13123.26,,,,organic,Charlotte
2023-01-01,0.767914275,1326188.51,779079.75,255207.78,86507.1,205393.88,,,,conventional,Chicago
2023-01-01,1.656985185,27431.5,5691.68,12096.06,0.0,9643.76,,,,organic,Chicago
2023-01-01,0.932278334,301039.08,79052.94,172781.06,14703.54,34501.53,,,,conventional,CincinnatiDayton
2023-01-01,1.812945104,6817.11,14.62,5110.29,0.0,1692.2,,,,organic,CincinnatiDayton
2023-01-01,0.945433494,251802.17,74568.44,112831.47,12274.58,52127.68,,,,conventional,Columbus
2023-01-01,1.883098162,6574.21,932.42,3363.36,0.0,2278.43,,,,organic,Columbus
2023-01-01,0.702268825,1472099.78,512056.6,293718.48,32009.51,634315.19,,,,conventional,DallasFtWorth
2023-01-01,1.334002098,31763.2,13796.09,942.74,0.0,17024.37,,,,organic,DallasFtWorth
2023-01-01,0.847344895,970968.95,319880.56,394749.28,19750.16,236588.96,,,,conventional,Denver
2023-01-01,1.481213675,23273.54,19470.74,612.15,0.0,3190.64,,,,organic,Denver
2023-01-01,0.890405261,462961.32,84100.97,231640.04,76079.12,71141.18,,,,conventional,Detroit
2023-01-01,1.503286776,10723.0,176.67,4541.78,0.0,6004.56,,,,organic,Detroit
2023-01-01,0.96300165,203845.45,34796.15,65237.75,76228.28,27583.26,,,,conventional,GrandRapids
2023-01-01,1.513842193,4539.35,45.23,754.57,0.0,3739.55,,,,organic,GrandRapids
2023-01-01,0.855410365,4569615.62,1806291.01,1522535.24,463942.37,776846.99,,,,conventional,GreatLakes
2023-01-01,1.638405892,102588.93,14484.71,37690.74,0.0,50413.48,,,,organic,GreatLakes
2023-01-01,1.077536418,328217.31,122779.11,99497.14,11098.12,94838.25,,,,conventional,HarrisburgScranton
2023-01-01,1.58326127,11466.14,288.47,415.79,0.0,10761.87,,,,organic,HarrisburgScranton
2023-01-01,1.209953727,338229.96,15604.94,269934.57,48.65,52637.4,,,,conventional,HartfordSpringfield
2023-01-01,1.899097772,14385.08,592.21,6246.35,0.0,7546.53,,,,organic,HartfordSpringfield
2023-01-01,0.728810578,866213.26,302391.83,310676.32,4721.98,248423.14,,,,conventional,Houston
2023-01-01,1.356096964,14196.62,8582.64,297.12,0.0,5316.85,,,,organic,Houston
2023-01-01,0.864991663,243846.96,72098.48,95746.7,17522.26,58479.52,,,,conventional,Indianapolis
2023-01-01,1.730444717,4823.93,893.3,2471.54,0.0,1459.09,,,,organic,Indianapolis
2023-01-01,0.959916849,235206.97,187297.21,3584.84,30.1,44294.82,,,,conventional,Jacksonville
2023-01-01,0.934350153,15705.77,128.91,1764.95,0.0,13811.91,,,,organic,Jacksonville
2023-01-01,0.928466508,382664.78,107966.3,159434.56,2549.96,112713.96,,,,conventional,LasVegas
2023-01-01,1.52411218,13077.99,6335.36,2662.6,0.0,4080.04,,,,organic,LasVegas
2023-01-01,1.097001918,2976316.66,1332069.32,173709.75,854093.86,616443.73,,,,conventional,LosAngeles
2023-01-01,1.905993492,103804.41,54506.23,4326.87,1.38,44969.92,,,,organic,LosAngeles
2023-01-01,0.863843426,131862.05,32163.21,64508.95,4297.49,30892.41,,,,conventional,Louisville
2023-01-01,1.879747616,4260.77,54.57,3809.82,0.0,396.38,,,,organic,Louisville
2023-01-01,0.934886703,1009789.98,743766.23,35021.71,204.18,230797.86,,,,conventional,MiamiFtLauderdale
2023-01-01,1.107094429,36436.14,22776.97,1282.88,0.0,12376.29,,,,organic,MiamiFtLauderdale
2023-01-01,1.065436987,3655778.51,1373362.01,1076023.21,15093.64,1191110.83,,,,conventional,Midsouth
2023-01-01,1.584146801,178763.33,2506.33,52333.37,39.96,123883.68,,,,organic,Midsouth
2023-01-01,0.86772247,295387.07,137191.43,76127.87,781.14,81286.63,,,,conventional,Nashville
2023-01-01,1.083047902,13941.35,70.24,11072.81,0.0,2798.29,,,,organic,Nashville
2023-01-01,0.721937405,292090.0,167426.11,1728.42,1576.83,121358.63,,,,conventional,NewOrleans
2023-01-01,0.725504204,8699.87,303.33,7041.83,0.0,1354.7,,,,organic,NewOrleans
2023-01-01,1.285597134,1690099.95,120818.01,1116964.58,889.82,451409.53,,,,conventional,NewYork
2023-01-01,1.797939038,68021.32,4294.84,10562.46,0.0,53164.01,,,,organic,NewYork
2023-01-01,1.205091903,4842943.24,781327.87,2854943.02,22388.85,1184152.89,,,,conventional,Northeast
2023-01-01,1.815321632,178054.21,11281.29,25700.35,3.47,141069.1,,,,organic,Northeast
2023-01-01,1.076965428,534951.49,114457.75,356631.31,76.12,63786.3,,,,conventional,NorthernNewEngland
2023-01-01,2.289021243,9083.9,1300.38,294.61,1.36,7487.55,,,,organic,NorthernNewEngland
2023-01-01,0.924745627,565428.87,381161.36,9251.02,43.09,174973.4,,,,conventional,Orlando
2023-01-01,0.860835995,40955.41,15433.88,1127.4,0.0,24394.13,,,,organic,Orlando
2023-01-01,0.775463769,121767.19,61069.2,21595.17,8292.31,30810.5,,,,conventional,PeoriaSpringfield
2023-01-01,1.647262941,2495.03,112.87,784.16,0.0,1598.01,,,,organic,PeoriaSpringfield
2023-01-01,1.124753339,497499.97,107819.86,221298.54,7098.04,161265.22,,,,conventional,Philadelphia
2023-01-01,1.73395562,18761.14,915.17,3216.99,0.0,14628.99,,,,organic,Philadelphia
2023-01-01,0.843901071,1178532.26,459829.92,538434.24,4077.17,176190.93,,,,conventional,PhoenixTucson
2023-01-01,1.615283467,23204.2,9846.32,5598.64,0.0,7759.24,,,,organic,PhoenixTucson
2023-01-01,1.052285805,158605.17,108965.56,13555.31,29.93,36054.37,,,,conventional,Pittsburgh
2023-01-01,1.680993975,6467.58,1604.77,2.73,0.0,4860.09,,,,organic,Pittsburgh
2023-01-01,0.807460379,2035658.34,986376.04,537050.12,6305.89,505914.52,,,,conventional,Plains
2023-01-01,1.362898995,47922.58,9719.68,4152.97,0.0,34049.92,,,,organic,Plains
2023-01-01,0.915427414,727516.21,366173.31,246969.82,28039.2,86333.88,,,,conventional,Portland
2023-01-01,1.895751875,29118.9,7638.3,18506.05,1.33,2973.21,,,,organic,Portland
2023-01-01,1.501617035,56294.23,2914.4,41641.29,6.61,11731.93,,,,conventional,Providence
2023-01-01,1.775755859,2600.93,0.0,5.54,0.0,2595.39,,,,organic,Providence
2023-01-01,1.119073536,403958.12,162765.33,79068.68,527.26,161585.11,,,,conventional,RaleighGreensboro
2023-01-01,1.64902388,23809.08,559.94,2505.25,24.54,20719.35,,,,organic,RaleighGreensboro
2023-01-01,1.004842541,312937.48,141001.24,88312.95,341.63,83262.35,,,,conventional,RichmondNorfolk
2023-01-01,1.523592366,15587.1,80.46,3157.15,1.07,12348.41,,,,organic,RichmondNorfolk
2023-01-01,0.908979089,179340.84,95433.51,43476.14,483.52,39947.67,,,,conventional,Roanoke
2023-01-01,1.631510339,6280.08,55.27,2694.51,0.0,3530.3,,,,organic,Roanoke
2023-01-01,1.369058532,443214.32,212832.2,103327.83,8559.27,118495.02,,,,conventional,Sacramento
2023-01-01,1.318157109,34911.58,7066.72,1656.19,0.0,26188.67,,,,organic,Sacramento
2023-01-01,1.117188583,556707.58,296130.6,37744.05,108370.9,114462.03,,,,conventional,SanDiego
2023-01-01,2.17955304,19581.01,12284.61,954.53,0.0,6341.87,,,,organic,SanDiego
2023-01-01,1.313458618,762320.07,550154.76,82487.66,8132.81,121544.84,,,,conventional,SanFrancisco
2023-01-01,2.073744222,67042.95,23380.79,3443.73,0.0,40218.43,,,,organic,SanFrancisco
2023-01-01,1.141778038,588051.51,243088.74,250930.56,15032.26,78999.95,,,,conventional,Seattle
2023-01-01,1.879641532,70173.8,15636.19,49205.15,11.19,5321.27,,,,organic,Seattle
2023-01-01,1.011419715,531163.95,297638.73,105005.14,345.66,128146.42,,,,conventional,SouthCarolina
2023-01-01,1.268537086,30395.87,656.26,4625.89,0.0,25113.72,,,,organic,SouthCarolina
2023-01-01,0.718152986,5081084.8,2230060.76,925252.41,69649.93,1855164.91,,,,conventional,SouthCentral
2023-01-01,1.131755979,144154.3,38710.95,12117.13,0.0,93326.21,,,,organic,SouthCentral
2023-01-01,0.919384654,5387230.96,3637781.6,565260.09,1580.03,1182575.56,,,,conventional,Southeast
2023-01-01,0.971661518,280671.67,64252.26,44778.91,0.0,171640.49,,,,organic,Southeast
2023-01-01,1.015836743,81985.89,40384.48,29110.3,17.14,12473.96,,,,conventional,Spokane
2023-01-01,1.869021962,3536.63,803.57,2008.17,0.0,724.89,,,,organic,Spokane
2023-01-01,0.743567091,257873.77,192828.5,11446.91,28.62,53569.74,,,,conventional,StLouis
2023-01-01,2.179890981,6369.84,1208.28,2905.38,0.0,2256.19,,,,organic,StLouis
2023-01-01,1.087390388,74038.69,13895.16,35161.13,415.61,24547.99,,,,conventional,Syracuse
2023-01-01,1.746510967,2845.82,242.34,92.9,0.0,2510.58,,,,organic,Syracuse
2023-01-01,0.892343521,644205.27,456549.31,13849.76,159.07,173647.14,,,,conventional,Tampa
2023-01-01,1.191094179,15671.89,10992.07,1631.18,0.0,3048.64,,,,organic,Tampa
2023-01-01,0.890725265,134847.57,28183.82,64856.27,15455.47,26352.01,,,,conventional,Toledo
2023-01-01,1.69055997,2851.06,55.84,1520.37,0.0,1274.85,,,,organic,Toledo
2023-01-01,0.965414157,38415542.83,16771415.96,10689722.89,1770323.14,9182759.18,,,,conventional,TotalUS
2023-01-01,1.507442704,1495116.18,361857.2,296812.43,64.24,836382.31,,,,organic,TotalUS
2023-01-01,0.905771588,6864415.76,2830199.3,2642245.57,106567.82,1285403.08,,,,conventional,West
2023-01-01,1.638041368,267464.65,97498.69,107546.39,19.36,62400.21,,,,organic,West
2023-01-01,0.720692288,877819.27,386999.03,201724.7,11971.65,276245.72,,,,conventional,WestTexNewMexico
2023-01-01,0.950046956,39144.11,10333.91,1338.23,0.0,27471.97,,,,organic,WestTexNewMexico
2023-01-01,0.70013669,116097.8,76570.76,13803.7,20.08,25703.27,,,,conventional,Wichita
2023-01-01,1.281420714,2214.35,1381.81,2.12,0.0,830.42,,,,organic,Wichita
2023-01-09,1.096476607,123185.36,22058.54,76314.33,25.01,21389.38,,,,conventional,Albany
2023-01-09,0.933794312,769668.12,330488.26,44473.04,134.34,86145.08,,,,conventional,Atlanta
2023-01-09,1.297977094,963706.23,141534.29,376635.87,2126.84,363497.42,,,,conventional,BaltimoreWashington
2023-01-09,0.860941807,377791.07,187197.78,7046.43,31.59,70424.69,,,,conventional,BirminghamMontgomery
2023-01-09,0.995287321,110665.1,25877.97,8973.74,171.26,19963.14,,,,conventional,Boise
2023-01-09,1.316078913,614248.45,41337.59,324277.32,63.38,150386.36,,,,conventional,Boston
2023-01-09,1.113446333,190755.76,25154.83,58163.45,1203.11,103401.64,,,,conventional,BuffaloRochester
2023-01-09,1.208541865,334107.94,118684.04,46610.65,630.98,127009.27,,,,conventional,Charlotte
2023-01-09,1.142596406,831326.36,138846.26,89496.67,27155.45,208614.51,,,,conventional,Chicago
2023-01-09,1.014923271,312393.1,41500.16,61848.96,3139.57,66178.78,,,,conventional,CincinnatiDayton
2023-01-09,0.989165601,252900.4,46622.98,29025.82,2496.51,50968.94,,,,conventional,Columbus
2023-01-09,0.809745762,1407571.07,353325.22,113278.27,5421.93,472069.81,,,,conventional,DallasFtWorth
2023-01-09,0.901652284,900792.74,171218.78,133716.73,2784.49,269069.05,,,,conventional,Denver
2023-01-09,1.005040845,437235.09,68409.38,68582.2,20344.06,118902.1,,,,conventional,Detroit
2023-01-09,1.272462323,156059.36,22763.28,35798.83,22912.16,66102.13,,,,conventional,GrandRapids
2023-01-09,1.1059868,382889.51,151960.59,97958.02,13777.67,112528.04,,,,conventional,HarrisburgScranton
2023-01-09,1.417861853,316550.95,15230.17,224600.67,279.01,67585.76,,,,conventional,HartfordSpringfield
2023-01-09,0.792814301,903594.72,254117.28,183356.06,780.25,221035.67,,,,conventional,Houston
2023-01-09,0.918126405,264352.98,50321.7,36021.54,4617.52,62249.45,,,,conventional,Indianapolis
2023-01-09,0.974306474,261366.33,151613.93,4172.58,11.83,48019.87,,,,conventional,Jacksonville
2023-01-09,0.892594215,429063.29,56292.18,39411.2,482.52,126485.29,,,,conventional,LasVegas
2023-01-09,1.162507442,2809927.34,540506.52,17493.66,118721.66,627686.7,,,,conventional,LosAngeles
2023-01-09,0.962876837,144167.28,24588.07,13103.03,1072.06,35038.35,,,,conventional,Louisville
2023-01-09,0.931542362,1049278.45,597482.85,13827.3,201.33,261212.41,,,,conventional,MiamiFtLauderdale
2023-01-09,0.89512993,338921.58,104165.43,17086.94,57.44,93149.54,,,,conventional,Nashville
2023-01-09,1.060136067,474929.08,97735.06,234707.09,18.25,82998.13,,,,conventional,NorthernNewEngland
2023-01-09,0.790332931,332597.48,126223.94,1935.45,181.8,132281.49,,,,conventional,NewOrleans
2023-01-09,1.352827858,1664185.39,98513.02,921782.43,781.74,557712.47,,,,conventional,NewYork
2023-01-09,0.923015118,611310.67,295585.01,5839.62,17.01,194130.26,,,,conventional,Orlando
2023-01-09,0.854049033,126558.0,41785.35,7339.37,2592.42,35392.77,,,,conventional,PeoriaSpringfield
2023-01-09,1.110836443,580383.31,136704.28,172706.39,11793.45,213263.83,,,,conventional,Philadelphia
2023-01-09,0.817917653,1338150.63,292862.39,170948.54,3799.17,196372.99,,,,conventional,PhoenixTucson
2023-01-09,1.221609739,137256.46,49224.01,16312.34,109.79,41791.41,,,,conventional,Pittsburgh
2023-01-09,1.095823205,608873.63,103950.27,65833.66,5435.65,95410.76,,,,conventional,Portland
2023-01-09,1.342979886,89207.53,3857.56,51612.01,13.23,17209.37,,,,conventional,Providence
2023-01-09,1.196787627,412569.25,132908.0,67691.98,717.99,163009.81,,,,conventional,RaleighGreensboro
2023-01-09,1.035055622,323805.91,93530.93,70503.7,311.27,94823.28,,,,conventional,RichmondNorfolk
2023-01-09,0.935933024,185649.39,57343.88,21727.78,467.95,51329.95,,,,conventional,Roanoke
2023-01-09,1.237178417,474348.07,136493.03,91969.47,441.28,121382.99,,,,conventional,Sacramento
2023-01-09,1.200648537,520145.24,102101.78,8953.18,15131.95,116729.15,,,,conventional,SanDiego
2023-01-09,1.107996988,896915.62,325305.66,74427.85,1390.72,126345.43,,,,conventional,SanFrancisco
2023-01-09,1.180225082,583972.87,82117.64,72113.04,4437.15,89520.05,,,,conventional,Seattle
2023-01-09,1.05214858,521173.74,214372.95,45904.43,338.52,132541.3,,,,conventional,SouthCarolina
2023-01-09,0.980726495,92737.45,20151.66,11797.74,5.67,20468.64,,,,conventional,Spokane
2023-01-09,0.875629953,234880.11,93452.75,5302.5,10.39,64433.32,,,,conventional,StLouis
2023-01-09,1.093436016,84814.68,12341.76,36876.22,261.02,32263.77,,,,conventional,Syracuse
2023-01-09,0.885274124,700023.75,351136.54,5467.35,84.1,198575.39,,,,conventional,Tampa
2023-01-09,0.976691841,133940.41,21584.24,24283.24,4909.65,29908.02,,,,conventional,Toledo
2023-01-09,0.794231284,944779.86,253963.92,79331.18,4190.48,333724.97,,,,conventional,WestTexNewMexico
2023-01-09,0.797687226,119417.42,28000.82,6562.03,48.66,31980.06,,,,conventional,Wichita
2023-01-09,1.162430102,5997016.95,1568327.73,313942.64,147861.97,1228482.28,,,,conventional,California
2023-01-09,1.022676571,3961238.68,744626.45,623248.95,134940.53,1007081.1,,,,conventional,GreatLakes
2023-01-09,1.098627336,4037045.17,1098379.94,802529.87,9215.5,1304177.69,,,,conventional,Midsouth
2023-01-09,1.240815661,5070725.23,712899.96,2426454.19,30161.84,1515454.81,,,,conventional,Northeast
2023-01-09,0.948345618,1994891.2,664587.52,372014.93,4426.91,600963.6,,,,conventional,Plains
2023-01-09,0.802072072,5273093.91,1641059.84,522287.05,31018.15,1759870.26,,,,conventional,SouthCentral
2023-01-09,0.92513009,5791258.15,2842561.06,166189.88,1152.85,1341591.72,,,,conventional,Southeast
2023-01-09,0.937525924,6919281.79,1397901.46,822332.99,25222.59,1473368.37,,,,conventional,West
2023-01-09,1.017175055,39044551.08,10670343.94,6049000.49,384000.35,10230989.84,,,,conventional,TotalUS
2023-01-09,1.933881817,2682.33,20.35,412.48,1.02,2069.33,,,,organic,Albany
2023-01-09,1.09553857,106805.09,163.96,16952.74,0.0,41908.08,,,,organic,Atlanta
2023-01-09,1.616551854,51433.36,502.66,2743.32,13.78,42722.9,,,,organic,BaltimoreWashington
2023-01-09,0.98509928,20998.17,42.52,797.7,0.0,15924.28,,,,organic,BirminghamMontgomery
2023-01-09,1.74031482,10182.33,103.03,1977.97,0.0,1159.2,,,,organic,Boise
2023-01-09,1.775581105,31983.77,75.71,1640.33,0.0,29546.39,,,,organic,Boston
2023-01-09,1.708188627,11611.09,606.27,41.1,0.0,10940.85,,,,organic,BuffaloRochester
2023-01-09,1.571785305,19771.78,138.16,2062.35,15.48,17062.3,,,,organic,Charlotte
2023-01-09,1.570182143,42074.48,604.35,7321.07,0.0,16350.91,,,,organic,Chicago
2023-01-09,1.684416764,8535.19,14.74,1586.02,0.0,3220.33,,,,organic,CincinnatiDayton
2023-01-09,1.847322105,7440.1,429.18,609.55,0.0,3104.64,,,,organic,Columbus
2023-01-09,1.319401763,40384.89,4974.62,400.77,0.0,23379.31,,,,organic,DallasFtWorth
2023-01-09,1.192300008,119507.09,13103.81,641.18,2.13,3485.08,,,,organic,Denver
2023-01-09,1.685811378,11314.57,287.83,1808.37,0.0,5740.5,,,,organic,Detroit
2023-01-09,1.448230991,4705.05,8.33,805.91,0.0,3890.81,,,,organic,GrandRapids
2023-01-09,1.589610674,13901.45,257.12,436.54,0.0,13188.91,,,,organic,HarrisburgScranton
2023-01-09,1.934887127,16336.82,288.73,4230.19,0.0,11785.32,,,,organic,HartfordSpringfield
2023-01-09,1.266585524,17990.66,3931.46,56.79,0.0,8156.52,,,,organic,Houston
2023-01-09,1.575316407,6790.91,120.75,594.58,0.0,3324.11,,,,organic,Indianapolis
2023-01-09,0.748395134,27506.65,116.43,154.56,0.0,27159.26,,,,organic,Jacksonville
2023-01-09,1.461622066,12506.33,1044.55,387.88,0.0,3872.93,,,,organic,LasVegas
2023-01-09,1.118153616,263726.48,18516.67,999.17,0.0,56141.48,,,,organic,LosAngeles
2023-01-09,1.869402953,5158.65,20.79,571.53,0.0,1218.34,,,,organic,Louisville
2023-01-09,1.059619685,63413.87,668.75,0.0,0.0,25347.91,,,,organic,MiamiFtLauderdale
2023-01-09,1.298392184,20185.98,98.81,2154.32,0.0,5161.89,,,,organic,Nashville
2023-01-09,2.05758113,13168.13,63.77,327.0,0.0,10598.22,,,,organic,NorthernNewEngland
2023-01-09,1.093456167,6546.44,162.12,57.36,0.0,3571.93,,,,organic,NewOrleans
2023-01-09,1.778681612,81752.02,3869.37,2128.95,0.0,67530.01,,,,organic,NewYork
2023-01-09,0.83366741,61975.43,477.07,0.0,0.0,43298.34,,,,organic,Orlando
2023-01-09,1.645126244,2814.31,0.0,239.22,0.0,1780.44,,,,organic,PeoriaSpringfield
2023-01-09,1.702870553,24964.0,1288.02,969.51,0.0,20065.48,,,,organic,Philadelphia
2023-01-09,1.344514219,25703.85,2080.21,1044.03,0.0,10648.84,,,,organic,PhoenixTucson
2023-01-09,1.481316795,8635.01,1271.84,1.36,0.0,6439.12,,,,organic,Pittsburgh
2023-01-09,1.851897333,76916.48,70.9,18609.99,1.33,3376.28,,,,organic,Portland
2023-01-09,1.739549109,4153.79,9.7,5.54,0.0,4138.54,,,,organic,Providence
2023-01-09,1.553642385,26519.48,489.35,1898.51,6.4,23885.13,,,,organic,RaleighGreensboro
2023-01-09,1.484586191,41178.2,7.52,3768.68,1.07,18623.51,,,,organic,RichmondNorfolk
2023-01-09,1.639856356,28218.78,2.83,3293.07,0.0,5284.15,,,,organic,Roanoke
2023-01-09,1.210545802,37643.3,2542.4,1189.17,0.0,30224.8,,,,organic,Sacramento
2023-01-09,1.411042804,38880.48,3652.34,498.29,0.0,6283.07,,,,organic,SanDiego
2023-01-09,1.991077908,68496.27,4026.93,1647.83,0.0,43029.75,,,,organic,SanFrancisco
2023-01-09,2.009679452,104098.83,610.07,18445.25,24.62,5602.01,,,,organic,Seattle
2023-01-09,1.171417131,54523.64,743.14,5033.66,1.17,38625.74,,,,organic,SouthCarolina
2023-01-09,1.914994251,7689.61,55.97,2013.34,0.0,988.71,,,,organic,Spokane
2023-01-09,1.454212503,16356.25,6357.47,883.93,0.0,3215.36,,,,organic,StLouis
2023-01-09,1.666793814,4347.98,181.2,96.48,0.0,3934.82,,,,organic,Syracuse
2023-01-09,1.099814388,29901.14,527.97,0.0,0.0,13253.72,,,,organic,Tampa
2023-01-09,1.573088223,3241.07,12.77,268.22,0.0,1866.17,,,,organic,Toledo
2023-01-09,1.178996289,30735.84,726.54,102.79,0.0,23390.06,,,,organic,WestTexNewMexico
2023-01-09,1.280024291,2815.38,436.18,6.37,0.0,1163.79,,,,organic,Wichita
2023-01-09,1.316453231,494165.73,35454.19,6203.89,0.0,182990.54,,,,organic,California
2023-01-09,1.569126226,132278.44,4134.15,16412.49,0.0,68164.72,,,,organic,GreatLakes
2023-01-09,1.518253237,273117.6,1717.28,24611.76,49.88,167877.72,,,,organic,Midsouth
2023-01-09,1.767043826,230555.61,8937.76,11428.94,1.03,194490.86,,,,organic,Northeast
2023-01-09,1.225000404,80530.06,15753.58,2041.9,0.0,53809.87,,,,organic,Plains
2023-01-09,1.232023572,148164.42,17119.87,2851.52,0.0,101270.08,,,,organic,SouthCentral
2023-01-09,1.004620267,493647.68,3615.36,28964.0,2.3,293429.05,,,,organic,Southeast
2023-01-09,1.566826025,530333.11,27827.25,58622.22,29.7,73549.73,,,,organic,West
2023-01-09,1.379990319,2382792.66,114559.45,151136.72,82.91,1135582.56,,,,organic,TotalUS
2023-01-15,1.064087046,124806.13,22887.57,71058.74,19.21,22717.32,,,,conventional,Albany
2023-01-15,0.924185306,807455.47,352523.78,27575.65,137.14,85555.04,,,,conventional,Atlanta
2023-01-15,1.261764668,978518.44,154698.02,380908.74,1814.07,364369.38,,,,conventional,BaltimoreWashington
2023-01-15,0.852397157,378705.83,181118.04,5447.22,40.0,80208.99,,,,conventional,BirminghamMontgomery
2023-01-15,1.058398586,107056.37,26573.59,5608.51,162.28,20914.04,,,,conventional,Boise
2023-01-15,1.413767351,585173.85,42374.44,307437.14,61.47,154953.66,,,,conventional,Boston
2023-01-15,1.10776251,192762.9,29713.16,55065.9,1148.55,101016.12,,,,conventional,BuffaloRochester
2023-01-15,1.080781035,388824.48,132018.95,78978.78,1088.83,130412.6,,,,conventional,Charlotte
2023-01-15,1.028269789,994629.57,153205.6,122156.35,61291.68,219297.58,,,,conventional,Chicago
2023-01-15,1.046877371,319738.39,44352.16,64320.9,11864.35,53596.98,,,,conventional,CincinnatiDayton
2023-01-15,0.988861828,272330.56,61537.1,20372.38,10354.7,42402.05,,,,conventional,Columbus
2023-01-15,0.77458181,1559013.04,350104.42,140745.75,8478.11,600536.73,,,,conventional,DallasFtWorth
2023-01-15,1.017178937,835065.29,179858.88,66997.84,2976.87,268384.92,,,,conventional,Denver
2023-01-15,1.026764452,525630.63,94501.04,56676.19,59092.36,114475.02,,,,conventional,Detroit
2023-01-15,1.318455398,207925.43,19863.86,49229.42,65636.97,43403.34,,,,conventional,GrandRapids
2023-01-15,1.062340566,423464.69,148709.23,114731.93,23309.19,125801.04,,,,conventional,HarrisburgScranton
2023-01-15,1.340707523,359613.52,17883.96,257098.92,1074.07,71748.49,,,,conventional,HartfordSpringfield
2023-01-15,0.791852151,1009678.75,257013.59,173507.51,1313.85,306915.12,,,,conventional,Houston
2023-01-15,0.942968291,291727.29,60970.32,33404.11,15025.38,55304.54,,,,conventional,Indianapolis
2023-01-15,0.94261838,267803.8,147622.39,4728.8,31.85,57401.28,,,,conventional,Jacksonville
2023-01-15,0.9659847,429164.39,60915.4,37921.81,2866.43,137071.74,,,,conventional,LasVegas
2023-01-15,1.216196189,2742152.24,532319.59,18030.48,86118.24,680093.77,,,,conventional,LosAngeles
2023-01-15,0.950769532,152831.65,30314.67,7818.64,3386.89,37855.49,,,,conventional,Louisville
2023-01-15,0.923554546,1142190.65,634541.65,14178.55,99.39,299691.87,,,,conventional,MiamiFtLauderdale
2023-01-15,0.894878911,330619.9,111799.53,9818.06,67.67,88827.48,,,,conventional,Nashville
2023-01-15,1.105379299,481809.39,107609.74,232578.64,19.36,86737.26,,,,conventional,NorthernNewEngland
2023-01-15,0.770299607,350743.69,125787.58,2083.02,536.78,148939.54,,,,conventional,NewOrleans
2023-01-15,1.22577091,2111537.24,135165.74,1284921.83,541.41,598604.36,,,,conventional,NewYork
2023-01-15,0.907122509,651056.11,289575.67,5834.26,25.32,227465.94,,,,conventional,Orlando
2023-01-15,0.921938567,136877.72,39203.39,8492.4,10291.82,34965.33,,,,conventional,PeoriaSpringfield
2023-01-15,1.08994637,665137.11,139174.35,241619.95,23473.22,213258.47,,,,conventional,Philadelphia
2023-01-15,0.845739107,1331942.02,327473.74,146376.63,2773.83,209275.59,,,,conventional,PhoenixTucson
2023-01-15,1.389088648,128341.78,41108.43,17776.71,157.79,45068.75,,,,conventional,Pittsburgh
2023-01-15,1.250314375,540025.77,112400.87,33412.4,6321.04,104302.64,,,,conventional,Portland
2023-01-15,1.465093323,80842.28,4148.59,45896.62,25.41,18576.86,,,,conventional,Providence
2023-01-15,1.071333706,452085.96,151292.22,92837.65,920.39,155910.81,,,,conventional,RaleighGreensboro
2023-01-15,1.00045445,336580.23,101411.97,77224.62,339.15,92961.76,,,,conventional,RichmondNorfolk
2023-01-15,0.94284064,197173.15,59220.49,22077.1,928.9,54471.22,,,,conventional,Roanoke
2023-01-15,1.538107056,390826.93,97097.68,109190.06,185.48,92876.14,,,,conventional,Sacramento
2023-01-15,1.225551406,506176.32,107493.35,8011.03,10797.1,124125.52,,,,conventional,SanDiego
2023-01-15,1.536902025,662675.56,186990.01,118237.13,1094.5,122700.44,,,,conventional,SanFrancisco
2023-01-15,1.507743387,450903.51,72157.26,43579.19,4098.86,97930.34,,,,conventional,Seattle
2023-01-15,0.997891071,575736.48,240410.73,54285.85,481.9,140645.51,,,,conventional,SouthCarolina
2023-01-15,1.235237536,73359.28,18275.47,10291.87,113.87,15795.58,,,,conventional,Spokane
2023-01-15,0.927020647,211045.65,83146.77,4569.53,0.0,58847.98,,,,conventional,StLouis
2023-01-15,1.077786395,85330.25,12848.7,32416.28,254.88,33321.8,,,,conventional,Syracuse
2023-01-15,0.87766371,724262.74,333372.42,5242.67,56.27,220709.8,,,,conventional,Tampa
2023-01-15,0.99067046,149759.01,30174.83,20892.05,12940.74,24961.22,,,,conventional,Toledo
2023-01-15,0.827155523,954302.96,234773.43,83244.08,4339.3,361291.04,,,,conventional,WestTexNewMexico
2023-01-15,0.828549902,119085.48,28452.35,5877.91,91.78,33006.8,,,,conventional,Wichita
2023-01-15,1.309500669,5432486.87,1254240.07,443424.91,107757.15,1254218.59,,,,conventional,California
2023-01-15,1.023631993,4502357.98,836492.43,672157.48,384094.85,920889.84,,,,conventional,GreatLakes
2023-01-15,1.051813848,4254206.15,1207634.29,873257.18,16747.95,1304625.53,,,,conventional,Midsouth
2023-01-15,1.204429917,5703110.63,763973.74,2906027.2,52156.32,1596660.93,,,,conventional,Northeast
2023-01-15,0.956258658,2085537.33,678918.54,412553.55,5894.47,634166.03,,,,conventional,Plains
2023-01-15,0.780745362,5732017.62,1674986.21,538701.8,41556.49,2123010.68,,,,conventional,SouthCentral
2023-01-15,0.910212339,6112825.78,2896508.65,154211.47,1304.2,1499299.48,,,,conventional,Southeast
2023-01-15,1.016516456,6539555.6,1473438.71,662173.58,27474.58,1534431.82,,,,conventional,West
2023-01-15,1.034320058,40362097.96,10786192.65,6662507.17,636986.01,10867302.9,,,,conventional,TotalUS
2023-01-15,1.921445645,3076.88,83.54,346.4,0.0,2400.9,,,,organic,Albany
2023-01-15,1.176503733,103940.72,113.33,8581.68,0.0,42465.76,,,,organic,Atlanta
2023-01-15,1.586081736,45526.55,524.75,2561.7,8.05,39317.56,,,,organic,BaltimoreWashington
2023-01-15,1.029558718,19154.73,31.75,459.92,0.0,16514.16,,,,organic,BirminghamMontgomery
2023-01-15,1.756680514,8921.22,146.14,1348.5,0.0,992.25,,,,organic,Boise
2023-01-15,1.740987802,32920.73,70.94,1233.97,0.0,31013.32,,,,organic,Boston
2023-01-15,1.645484979,12005.24,591.31,65.36,0.0,11341.99,,,,organic,BuffaloRochester
2023-01-15,1.577625502,17845.25,210.4,1476.32,29.86,15168.39,,,,organic,Charlotte
2023-01-15,1.483770326,57024.23,919.59,6891.37,0.0,13861.22,,,,organic,Chicago
2023-01-15,1.724719337,9631.63,6.21,1957.11,0.0,2758.27,,,,organic,CincinnatiDayton
2023-01-15,2.005752907,7136.84,454.42,558.6,0.0,2879.78,,,,organic,Columbus
2023-01-15,1.314015959,36956.97,5792.27,310.41,0.0,21416.8,,,,organic,DallasFtWorth
2023-01-15,1.082584097,142940.03,18868.63,536.04,0.0,3306.98,,,,organic,Denver
2023-01-15,1.861137604,10507.64,301.01,1539.3,0.0,5484.86,,,,organic,Detroit
2023-01-15,1.753382715,4461.05,4.77,782.93,0.0,3673.36,,,,organic,GrandRapids
2023-01-15,1.586377911,13913.55,280.94,480.88,0.0,13127.4,,,,organic,HarrisburgScranton
2023-01-15,1.862032356,15242.27,577.4,3389.43,0.0,11225.14,,,,organic,HartfordSpringfield
2023-01-15,1.131195932,22429.22,4282.64,33.22,0.0,11762.5,,,,organic,Houston
2023-01-15,1.604778625,7385.03,94.59,621.28,0.0,3624.62,,,,organic,Indianapolis
2023-01-15,0.80355087,23671.14,97.61,113.55,0.0,22565.86,,,,organic,Jacksonville
2023-01-15,1.490766917,10536.59,842.1,177.9,0.0,3333.75,,,,organic,LasVegas
2023-01-15,0.962927549,314780.96,23657.7,1026.7,0.0,52364.83,,,,organic,LosAngeles
2023-01-15,2.088742734,3950.42,0.0,372.05,0.0,960.28,,,,organic,Louisville
2023-01-15,1.119348466,46800.26,422.95,1.14,0.0,22561.62,,,,organic,MiamiFtLauderdale
2023-01-15,1.711170337,20837.41,63.39,2045.27,0.0,5413.29,,,,organic,Nashville
2023-01-15,2.03556684,13124.85,73.4,291.75,0.0,10552.83,,,,organic,NorthernNewEngland
2023-01-15,1.25251608,3844.6,201.21,83.01,0.0,3365.36,,,,organic,NewOrleans
2023-01-15,1.743145538,85338.08,7521.84,1847.01,12.52,68783.24,,,,organic,NewYork
2023-01-15,0.877360083,51370.44,312.98,0.0,0.0,35126.26,,,,organic,Orlando
2023-01-15,1.584135176,3165.35,0.0,300.83,0.0,2233.72,,,,organic,PeoriaSpringfield
2023-01-15,1.625233542,24007.58,1879.74,1107.28,0.0,19586.45,,,,organic,Philadelphia
2023-01-15,1.548076862,16805.78,2006.93,543.21,0.0,2026.89,,,,organic,PhoenixTucson
2023-01-15,1.573627576,8106.57,949.02,6.76,0.0,6482.61,,,,organic,Pittsburgh
2023-01-15,1.875463437,68838.45,58.39,12207.29,0.0,2630.91,,,,organic,Portland
2023-01-15,1.738832421,4196.07,16.68,9.73,0.0,4169.65,,,,organic,Providence
2023-01-15,1.515270287,25610.74,529.51,1428.57,23.47,22951.77,,,,organic,RaleighGreensboro
2023-01-15,1.543246397,33275.67,2.15,2967.35,1.07,16052.98,,,,organic,RichmondNorfolk
2023-01-15,1.632545867,23609.46,4.2,2937.59,0.0,5493.12,,,,organic,Roanoke
2023-01-15,1.27642034,34362.58,2611.01,1108.08,0.0,26761.47,,,,organic,Sacramento
2023-01-15,1.268643133,53863.63,4451.59,510.75,0.0,4686.15,,,,organic,SanDiego
2023-01-15,1.954115028,68558.41,4168.15,1688.27,0.0,39702.33,,,,organic,SanFrancisco
2023-01-15,2.001595717,100461.82,558.21,13668.58,21.28,5054.18,,,,organic,Seattle
2023-01-15,1.235860389,48403.92,845.63,2844.15,3.51,32820.54,,,,organic,SouthCarolina
2023-01-15,1.984891192,6683.68,45.88,1543.04,0.0,769.39,,,,organic,Spokane
2023-01-15,1.873069714,7771.42,1127.18,689.55,0.0,3346.48,,,,organic,StLouis
2023-01-15,1.592478506,4669.85,143.69,84.8,0.0,4313.29,,,,organic,Syracuse
2023-01-15,1.088273454,27381.84,226.54,1.04,0.0,12178.56,,,,organic,Tampa
2023-01-15,1.755330286,3402.1,25.85,315.84,0.0,1903.47,,,,organic,Toledo
2023-01-15,1.160930932,16179.57,789.34,127.62,0.0,11044.14,,,,organic,WestTexNewMexico
2023-01-15,1.269085442,3008.39,536.65,14.87,0.0,1278.51,,,,organic,Wichita
2023-01-15,1.191090299,562118.01,42036.84,6102.83,0.0,168665.74,,,,organic,California
2023-01-15,1.604505244,150082.61,3697.27,16475.24,0.0,63523.89,,,,organic,GreatLakes
2023-01-15,1.57368237,246312.05,1995.52,20098.71,77.64,158165.08,,,,organic,Midsouth
2023-01-15,1.729697335,235615.09,13713.91,9892.15,14.51,198778.81,,,,organic,Northeast
2023-01-15,1.368773321,55845.82,10060.95,2858.18,0.0,37288.0,,,,organic,Plains
2023-01-15,1.240152236,138486.5,21794.81,2957.77,0.0,92965.13,,,,organic,SouthCentral
2023-01-15,1.06748485,436619.3,2571.36,15800.32,3.57,265499.76,,,,organic,Southeast
2023-01-15,1.514963131,519869.29,35222.6,40486.34,21.66,46772.81,,,,organic,West
2023-01-15,1.367771206,2344948.66,131093.25,114671.54,117.38,1031659.23,,,,organic,TotalUS
2023-01-22,1.087199748,145606.29,31914.51,85603.85,15.28,20087.96,,,,conventional,Albany
2023-01-22,0.945301602,825696.78,348170.41,27964.2,113.68,84212.84,,,,conventional,Atlanta
2023-01-22,1.118851251,1044292.36,166416.81,423320.82,1654.78,352846.62,,,,conventional,BaltimoreWashington
2023-01-22,0.853122302,388729.12,185913.87,5945.1,73.76,82432.99,,,,conventional,BirminghamMontgomery
2023-01-22,1.089885629,108667.75,27199.7,5846.82,188.33,23786.66,,,,conventional,Boise
2023-01-22,1.394916942,605859.77,50645.52,321668.63,52.66,156073.02,,,,conventional,Boston
2023-01-22,1.102920284,192527.15,24529.98,58177.07,1476.32,102209.47,,,,conventional,BuffaloRochester
2023-01-22,1.191090235,371776.32,132144.41,56159.57,725.49,137479.42,,,,conventional,Charlotte
2023-01-22,1.125875191,831010.96,154262.5,88391.64,33817.06,220690.31,,,,conventional,Chicago
2023-01-22,1.025024089,313119.95,44639.51,59404.76,5237.99,45160.06,,,,conventional,CincinnatiDayton
2023-01-22,0.963677771,267970.28,64475.79,20709.56,5042.54,44154.99,,,,conventional,Columbus
2023-01-22,0.728017827,1554372.01,350984.54,146128.74,6414.62,527247.39,,,,conventional,DallasFtWorth
2023-01-22,1.016971979,952279.76,167271.54,95378.61,2771.61,279383.67,,,,conventional,Denver
2023-01-22,0.977396127,457640.41,95413.53,49031.17,32032.83,108571.28,,,,conventional,Detroit
2023-01-22,1.132732773,165999.28,19408.53,56786.0,40066.75,36842.89,,,,conventional,GrandRapids
2023-01-22,1.02614588,413068.72,153469.49,100276.72,15335.72,130985.23,,,,conventional,HarrisburgScranton
2023-01-22,1.41664941,314200.2,14010.79,212871.96,84.56,76738.81,,,,conventional,HartfordSpringfield
2023-01-22,0.775340282,1029398.24,247906.46,164182.96,775.71,294560.29,,,,conventional,Houston
2023-01-22,0.909194346,279213.72,61288.58,32472.81,9072.11,61866.3,,,,conventional,Indianapolis
2023-01-22,0.923575709,280221.05,154454.89,4174.38,37.79,72032.51,,,,conventional,Jacksonville
2023-01-22,0.937230402,425539.51,62992.72,27596.15,2149.68,167230.8,,,,conventional,LasVegas
2023-01-22,1.205720402,2869000.23,534598.84,17751.69,98160.53,679626.06,,,,conventional,LosAngeles
2023-01-22,0.983090798,146616.63,30866.49,6134.04,1902.32,38064.82,,,,conventional,Louisville
2023-01-22,0.924184206,1141159.87,659001.09,15186.89,128.41,311643.65,,,,conventional,MiamiFtLauderdale
2023-01-22,0.92364565,335699.09,112942.25,8760.28,32.94,101400.6,,,,conventional,Nashville
2023-01-22,1.059843439,633307.71,170525.71,326966.29,30.35,78812.77,,,,conventional,NorthernNewEngland
2023-01-22,0.774796193,326404.43,116486.75,1548.87,554.8,150681.7,,,,conventional,NewOrleans
2023-01-22,1.341295372,1716833.68,103421.44,891432.05,829.54,603125.8,,,,conventional,NewYork
2023-01-22,0.885942553,672591.24,312434.89,6895.62,60.48,238926.45,,,,conventional,Orlando
2023-01-22,0.875187036,128494.28,38748.38,6234.85,4407.03,37218.91,,,,conventional,PeoriaSpringfield
2023-01-22,1.066663932,603688.68,136707.5,172813.23,12865.75,206499.92,,,,conventional,Philadelphia
2023-01-22,0.833658909,1327849.0,335137.25,132430.61,4028.47,250297.85,,,,conventional,PhoenixTucson
2023-01-22,1.03341461,174561.44,66164.19,17638.13,78.54,45850.2,,,,conventional,Pittsburgh
2023-01-22,1.200316005,598363.65,116576.39,30798.13,5415.72,109167.4,,,,conventional,Portland
2023-01-22,1.469196897,81058.73,4076.79,46148.07,24.91,19289.88,,,,conventional,Providence
2023-01-22,1.161353547,428478.02,144188.13,72797.98,749.74,166820.43,,,,conventional,RaleighGreensboro
2023-01-22,1.053784442,323941.04,90227.84,70190.02,290.39,96162.21,,,,conventional,RichmondNorfolk
2023-01-22,0.93986468,206374.6,58054.63,23716.03,567.51,56775.74,,,,conventional,Roanoke
2023-01-22,1.464387493,409963.2,123628.55,100195.84,183.5,90341.47,,,,conventional,Sacramento
2023-01-22,1.209568958,523352.06,100534.15,7726.94,10758.03,121833.96,,,,conventional,SanDiego
2023-01-22,1.46707895,710380.8,240650.29,111810.85,776.39,120548.81,,,,conventional,SanFrancisco
2023-01-22,1.467065545,515211.61,99243.65,37262.08,3683.19,101257.75,,,,conventional,Seattle
2023-01-22,1.020956999,580567.71,243394.9,44518.99,298.21,139550.81,,,,conventional,SouthCarolina
2023-01-22,1.219031698,78970.48,19701.77,5671.88,25.91,18396.84,,,,conventional,Spokane
2023-01-22,0.908643347,221195.06,77881.47,4824.11,5.67,70309.18,,,,conventional,StLouis
2023-01-22,1.044800662,92131.9,15390.6,37942.75,295.49,32564.91,,,,conventional,Syracuse
2023-01-22,0.885146156,724409.08,347216.65,5675.36,117.16,219571.98,,,,conventional,Tampa
2023-01-22,0.93592771,141882.9,30750.23,23681.52,7189.97,26161.62,,,,conventional,Toledo
2023-01-22,0.76937581,1013600.66,270958.22,74815.41,3760.61,384516.81,,,,conventional,WestTexNewMexico
2023-01-22,0.817671814,118839.62,26973.78,5199.2,61.43,36389.76,,,,conventional,Wichita
2023-01-22,1.274838103,5696077.33,1375944.96,413401.51,119868.78,1242768.58,,,,conventional,California
2023-01-22,0.997187145,4088196.74,847469.61,601072.41,218538.16,916903.48,,,,conventional,GreatLakes
2023-01-22,1.052813714,4230299.38,1174929.36,842807.46,10364.18,1339473.32,,,,conventional,Midsouth
2023-01-22,1.219628971,5429093.22,843045.27,2495282.77,32944.59,1598734.67,,,,conventional,Northeast
2023-01-22,0.984364471,2069727.15,642561.59,386713.05,5258.31,675849.91,,,,conventional,Plains
2023-01-22,0.762866081,5721341.76,1647957.92,548120.83,35852.16,2028627.9,,,,conventional,SouthCentral
2023-01-22,0.912666726,6187973.69,2987140.44,145766.18,1193.99,1555621.19,,,,conventional,Southeast
2023-01-22,1.005646028,6874869.62,1537926.98,597581.61,25173.78,1666129.88,,,,conventional,West
2023-01-22,1.026778725,40297578.88,11056976.12,6030745.83,449193.96,11024108.92,,,,conventional,TotalUS
2023-01-22,1.906406491,2482.55,11.21,254.51,2.04,2043.36,,,,organic,Albany
2023-01-22,1.032849436,65981.56,90.31,3215.38,0.0,44456.87,,,,organic,Atlanta
2023-01-22,1.554563925,52138.92,356.99,2991.17,5.75,43044.22,,,,organic,BaltimoreWashington
2023-01-22,0.911681077,17640.23,38.16,231.59,0.0,16086.25,,,,organic,BirminghamMontgomery
2023-01-22,1.699106627,5699.79,133.9,418.62,0.0,1556.1,,,,organic,Boise
2023-01-22,1.744291119,32870.25,86.77,1369.44,0.0,30797.71,,,,organic,Boston
2023-01-22,1.731754173,11269.21,414.83,67.01,0.0,10774.14,,,,organic,BuffaloRochester
2023-01-22,1.510275668,18914.35,111.28,1742.85,15.5,16768.03,,,,organic,Charlotte
2023-01-22,1.351147408,52612.96,1441.11,4038.13,0.0,21173.02,,,,organic,Chicago
2023-01-22,1.745269046,11011.92,7.38,1520.58,0.0,3076.68,,,,organic,CincinnatiDayton
2023-01-22,2.031830156,7721.15,610.2,564.87,0.0,2817.88,,,,organic,Columbus
2023-01-22,1.315914228,38248.33,5702.13,343.37,0.0,22230.55,,,,organic,DallasFtWorth
2023-01-22,1.064760059,54658.2,8424.39,407.11,0.0,8799.53,,,,organic,Denver
2023-01-22,1.888261322,10291.38,327.36,1450.08,0.0,5171.45,,,,organic,Detroit
2023-01-22,1.642485816,4601.86,0.0,535.7,0.0,4066.17,,,,organic,GrandRapids
2023-01-22,1.57857021,14523.06,295.88,532.53,0.0,13648.73,,,,organic,HarrisburgScranton
2023-01-22,1.769639967,17937.57,432.85,3785.41,5.57,13595.76,,,,organic,HartfordSpringfield
2023-01-22,1.11820706,21657.34,3802.76,35.61,0.0,11919.79,,,,organic,Houston
2023-01-22,1.562563781,7642.04,97.79,573.07,0.0,4005.28,,,,organic,Indianapolis
2023-01-22,1.210360222,10371.57,60.15,162.65,0.0,7172.24,,,,organic,Jacksonville
2023-01-22,1.34727894,13024.35,922.16,245.05,0.0,4647.83,,,,organic,LasVegas
2023-01-22,1.493673806,147981.95,8082.98,1124.53,0.0,66248.96,,,,organic,LosAngeles
2023-01-22,2.046628737,4495.64,0.0,519.23,0.0,1161.44,,,,organic,Louisville
2023-01-22,1.220216134,41689.73,420.38,4.56,0.0,13450.5,,,,organic,MiamiFtLauderdale
2023-01-22,1.938490187,15150.68,96.13,1307.19,0.0,5031.24,,,,organic,Nashville
2023-01-22,2.016408564,12677.32,406.01,416.87,0.0,10091.92,,,,organic,NorthernNewEngland
2023-01-22,1.13417802,4690.88,319.16,41.66,0.0,2680.24,,,,organic,NewOrleans
2023-01-22,1.60738294,103994.99,4890.15,2524.24,14.12,87832.99,,,,organic,NewYork
2023-01-22,1.153171739,30169.06,244.84,0.0,0.0,15794.43,,,,organic,Orlando
2023-01-22,1.620971112,3439.4,0.0,260.9,0.0,2505.92,,,,organic,PeoriaSpringfield
2023-01-22,1.615989761,27771.52,1283.61,951.38,1.15,22765.99,,,,organic,Philadelphia
2023-01-22,1.496421973,19366.55,2346.21,421.68,0.0,1660.18,,,,organic,PhoenixTucson
2023-01-22,1.426701911,8509.92,1715.99,230.37,0.0,5735.85,,,,organic,Pittsburgh
2023-01-22,2.016763673,29881.1,5.9,4095.96,0.0,3547.16,,,,organic,Portland
2023-01-22,1.775337111,3963.24,6.96,20.45,0.0,3935.84,,,,organic,Providence
2023-01-22,1.516566323,26312.71,520.61,1695.19,19.2,23903.43,,,,organic,RaleighGreensboro
2023-01-22,1.353288503,24484.84,10.65,1026.48,4.29,20156.57,,,,organic,RichmondNorfolk
2023-01-22,1.668278853,9320.18,3.78,654.46,0.0,5834.59,,,,organic,Roanoke
2023-01-22,1.143518362,41213.03,2715.09,1243.9,0.0,33302.94,,,,organic,Sacramento
2023-01-22,1.82312728,24102.47,2202.59,413.25,0.0,9146.55,,,,organic,SanDiego
2023-01-22,1.855387525,65343.19,4647.64,1815.44,0.0,39048.84,,,,organic,SanFrancisco
2023-01-22,2.117832882,61056.63,513.36,6069.85,4.48,5860.05,,,,organic,Seattle
2023-01-22,1.212679111,40243.61,890.57,1822.04,8.19,33972.1,,,,organic,SouthCarolina
2023-01-22,1.984351733,3050.86,69.8,449.43,0.0,1181.38,,,,organic,Spokane
2023-01-22,1.748746066,8169.83,1815.64,844.01,0.0,3251.59,,,,organic,StLouis
2023-01-22,1.603677186,4771.68,103.67,86.0,0.0,4507.72,,,,organic,Syracuse
2023-01-22,1.125252328,25324.15,237.9,0.0,0.0,13924.27,,,,organic,Tampa
2023-01-22,1.767195334,3488.2,38.4,268.77,0.0,1923.93,,,,organic,Toledo
2023-01-22,1.301480524,33563.93,1158.27,127.71,0.0,18631.42,,,,organic,WestTexNewMexico
2023-01-22,1.253860113,3433.09,495.63,5.31,0.0,1466.85,,,,organic,Wichita
2023-01-22,1.527419333,354902.97,23530.73,6552.49,0.0,195295.06,,,,organic,California
2023-01-22,1.549668879,149863.47,5196.25,12840.83,0.0,73355.25,,,,organic,GreatLakes
2023-01-22,1.548812717,225954.81,1698.53,14858.52,62.12,174139.55,,,,organic,Midsouth
2023-01-22,1.656734005,262361.18,10784.75,11335.65,25.07,224348.97,,,,organic,Northeast
2023-01-22,1.36872906,67207.1,10108.76,10802.23,0.0,40332.48,,,,organic,Plains
2023-01-22,1.255024549,155193.42,23385.43,3277.46,0.0,101277.92,,,,organic,SouthCentral
2023-01-22,1.105400646,314293.25,2334.57,7223.96,8.53,203244.95,,,,organic,Southeast
2023-01-22,1.535865726,307930.56,20715.81,16455.2,4.56,76143.05,,,,organic,West
2023-01-22,1.450758446,1837706.76,97754.84,83346.34,100.28,1088137.23,,,,organic,TotalUS
2023-01-29,1.061985819,118903.56,20652.13,69264.38,20.83,21055.11,,,,conventional,Albany
2023-01-29,0.913555039,870655.04,357694.86,23480.73,84.05,99006.04,,,,conventional,Atlanta
2023-01-29,1.143148178,1012144.44,175187.49,419073.1,1627.37,335717.59,,,,conventional,BaltimoreWashington
2023-01-29,0.852571407,391660.4,190344.03,5908.19,42.89,76059.06,,,,conventional,BirminghamMontgomery
2023-01-29,1.032390259,120921.34,23912.09,9143.16,100.44,21732.55,,,,conventional,Boise
2023-01-29,1.261393593,618716.0,40902.86,310964.51,66.88,145816.57,,,,conventional,Boston
2023-01-29,1.074311222,196990.75,37523.52,53193.32,1293.93,98616.84,,,,conventional,BuffaloRochester
2023-01-29,1.185116871,363997.4,129296.23,56287.27,702.46,133293.32,,,,conventional,Charlotte
2023-01-29,1.038620452,952229.97,175184.95,109714.24,24339.03,212511.98,,,,conventional,Chicago
2023-01-29,1.213369317,322108.32,49563.0,62720.68,3276.11,44893.1,,,,conventional,CincinnatiDayton
2023-01-29,1.006639627,264731.99,66405.82,19143.93,3193.2,46578.73,,,,conventional,Columbus
2023-01-29,0.780560388,1503759.97,364538.33,93502.04,9208.39,500954.91,,,,conventional,DallasFtWorth
2023-01-29,0.961455699,1043804.89,171300.58,131997.86,2413.31,298299.13,,,,conventional,Denver
2023-01-29,0.983392854,480906.53,124251.6,37132.87,18866.06,101871.61,,,,conventional,Detroit
2023-01-29,1.251913674,153578.99,40456.27,34967.86,21705.24,42181.8,,,,conventional,GrandRapids
2023-01-29,1.019608708,421201.43,157743.5,104390.61,14990.56,130523.69,,,,conventional,HarrisburgScranton
2023-01-29,1.373825396,345001.79,16609.59,241292.7,184.17,75704.74,,,,conventional,HartfordSpringfield
2023-01-29,0.74272216,1012486.69,305463.56,86758.99,1401.34,298242.01,,,,conventional,Houston
2023-01-29,0.916499534,285505.23,66788.64,30836.47,5396.6,59792.45,,,,conventional,Indianapolis
2023-01-29,0.927976254,276977.04,146924.43,4653.9,20.08,70359.31,,,,conventional,Jacksonville
2023-01-29,0.923353598,424234.23,67358.11,19972.56,1111.21,140152.12,,,,conventional,LasVegas
2023-01-29,1.128291861,2868689.24,527044.85,20990.27,87844.01,724594.86,,,,conventional,LosAngeles
2023-01-29,0.975895029,157579.37,34182.63,4652.98,1026.33,37196.53,,,,conventional,Louisville
2023-01-29,0.927504134,1134713.4,656236.35,14982.31,117.98,274418.6,,,,conventional,MiamiFtLauderdale
2023-01-29,0.9341002,343144.64,113009.91,7626.53,31.6,94562.71,,,,conventional,Nashville
2023-01-29,1.056092599,465490.04,105741.37,213969.14,27.99,75940.2,,,,conventional,NorthernNewEngland
2023-01-29,0.785366276,341188.7,123826.39,2394.13,3096.44,139000.81,,,,conventional,NewOrleans
2023-01-29,1.221936283,2164649.47,138867.95,1285402.17,1002.8,620250.36,,,,conventional,NewYork
2023-01-29,0.893665539,676853.89,321334.1,6624.98,25.51,231020.53,,,,conventional,Orlando
2023-01-29,0.87722054,131441.73,44327.35,5776.35,2611.52,37206.47,,,,conventional,PeoriaSpringfield
2023-01-29,1.059022469,664220.49,144121.91,234831.52,12376.35,205803.69,,,,conventional,Philadelphia
2023-01-29,0.807549605,1362777.15,361765.12,107921.38,4263.93,218212.02,,,,conventional,PhoenixTucson
2023-01-29,1.375426469,124389.42,45552.98,16915.79,52.82,45087.88,,,,conventional,Pittsburgh
2023-01-29,1.1596798,654779.7,88401.03,74859.52,5211.95,100082.67,,,,conventional,Portland
2023-01-29,1.326215536,89851.43,4085.43,47784.81,32.48,18496.25,,,,conventional,Providence
2023-01-29,1.150688114,425257.14,145406.6,67816.63,692.83,161988.84,,,,conventional,RaleighGreensboro
2023-01-29,1.020831635,336415.96,93960.3,75784.38,275.8,92200.09,,,,conventional,RichmondNorfolk
2023-01-29,0.901588612,212515.11,59196.05,23439.78,692.82,53326.15,,,,conventional,Roanoke
2023-01-29,1.197140565,501672.19,151921.66,96626.33,121.96,117050.24,,,,conventional,Sacramento
2023-01-29,1.059440259,526249.87,102445.39,9434.95,9749.71,121795.41,,,,conventional,SanDiego
2023-01-29,1.046545852,950197.64,334052.37,80020.69,981.16,125915.02,,,,conventional,SanFrancisco
2023-01-29,1.336682119,581645.09,71547.29,63826.8,2492.51,84982.86,,,,conventional,Seattle
2023-01-29,1.013934655,572415.24,237753.41,44362.81,306.76,141784.89,,,,conventional,SouthCarolina
2023-01-29,1.144867194,84427.62,15616.26,9547.05,11.73,15487.6,,,,conventional,Spokane
2023-01-29,0.956027411,215920.12,72456.98,4629.44,6.61,69183.0,,,,conventional,StLouis
2023-01-29,1.048292319,83913.99,13111.8,33247.91,355.3,31369.38,,,,conventional,Syracuse
2023-01-29,0.89608525,729293.67,379796.6,6143.95,42.52,205016.37,,,,conventional,Tampa
2023-01-29,0.939699601,146382.67,33574.52,20707.79,4002.6,26863.54,,,,conventional,Toledo
2023-01-29,0.79610373,934344.94,243833.74,63741.24,3384.01,347368.31,,,,conventional,WestTexNewMexico
2023-01-29,0.803764061,119356.69,27786.65,4824.12,60.6,33657.67,,,,conventional,Wichita
2023-01-29,1.105017596,6199148.89,1590082.43,341975.9,108160.17,1334984.95,,,,conventional,California
2023-01-29,1.006937812,4255830.64,991252.94,562871.66,130980.79,917906.59,,,,conventional,GreatLakes
2023-01-29,1.05232348,4241891.1,1196722.01,837490.43,9085.4,1288706.85,,,,conventional,Midsouth
2023-01-29,1.173728901,5755616.26,788278.03,2851448.64,32130.12,1593574.68,,,,conventional,Northeast
2023-01-29,0.958443481,2122341.48,666636.33,431808.94,6288.74,664536.57,,,,conventional,Plains
2023-01-29,0.767099433,5607030.07,1738620.62,380949.75,42720.11,1963740.08,,,,conventional,SouthCentral
2023-01-29,0.909327882,6263642.8,3054885.0,139779.92,958.12,1481302.45,,,,conventional,Southeast
2023-01-29,0.966601789,7208461.0,1465483.65,667756.19,22920.31,1565620.63,,,,conventional,West
2023-01-29,0.992789358,41653962.24,11491961.01,6214081.43,353243.75,10810372.8,,,,conventional,TotalUS
2023-01-29,1.773194148,3424.5,49.92,366.73,0.0,2778.31,,,,organic,Albany
2023-01-29,1.015919585,62354.71,68.52,2805.82,0.0,42617.94,,,,organic,Atlanta
2023-01-29,1.645410407,49219.31,262.97,3069.06,3.45,39818.09,,,,organic,BaltimoreWashington
2023-01-29,0.971750057,16830.7,55.37,101.87,0.0,15927.93,,,,organic,BirminghamMontgomery
2023-01-29,1.464840765,7503.95,136.89,477.33,0.0,3334.8,,,,organic,Boise
2023-01-29,1.699739887,31790.74,61.28,1252.71,0.0,29788.79,,,,organic,Boston
2023-01-29,1.762233138,9973.79,422.22,97.04,0.0,9441.25,,,,organic,BuffaloRochester
2023-01-29,1.510478731,17691.68,124.54,2153.72,15.5,15028.64,,,,organic,Charlotte
2023-01-29,1.496201324,36082.64,434.61,2460.67,0.0,18280.4,,,,organic,Chicago
2023-01-29,1.741274738,10297.42,13.71,1975.56,0.0,3043.89,,,,organic,CincinnatiDayton
2023-01-29,2.028711481,7948.17,446.45,543.23,0.0,2871.84,,,,organic,Columbus
2023-01-29,1.303421637,43101.36,5637.9,444.27,0.0,25337.64,,,,organic,DallasFtWorth
2023-01-29,1.098226254,41806.77,4332.84,385.78,0.0,13493.55,,,,organic,Denver
2023-01-29,1.831774706,11326.21,384.57,1583.09,0.0,5508.75,,,,organic,Detroit
2023-01-29,1.424919566,6469.0,26.47,2751.5,0.0,3691.03,,,,organic,GrandRapids
2023-01-29,1.590082876,13129.35,157.15,454.84,0.0,12471.49,,,,organic,HarrisburgScranton
2023-01-29,1.835507997,16085.76,425.34,3594.66,1.11,12002.82,,,,organic,HartfordSpringfield
2023-01-29,1.189526247,18445.43,3562.86,40.33,0.0,8774.27,,,,organic,Houston
2023-01-29,1.522678797,7387.82,139.52,563.64,0.0,4170.09,,,,organic,Indianapolis
2023-01-29,1.262559226,10232.22,100.2,223.93,0.0,5877.27,,,,organic,Jacksonville
2023-01-29,1.194285867,17135.21,1015.88,205.45,0.0,8587.95,,,,organic,LasVegas
2023-01-29,1.538201099,172127.12,6179.47,928.48,0.0,65095.14,,,,organic,LosAngeles
2023-01-29,2.127894842,4924.73,0.0,482.39,0.0,1085.89,,,,organic,Louisville
2023-01-29,1.285772126,33667.24,281.59,1.14,0.0,12850.19,,,,organic,MiamiFtLauderdale
2023-01-29,1.984532409,13153.64,73.93,962.63,0.0,5695.19,,,,organic,Nashville
2023-01-29,1.725116542,15571.78,111.3,308.11,0.0,13477.81,,,,organic,NorthernNewEngland
2023-01-29,1.209205068,3521.61,113.82,51.12,0.0,3074.79,,,,organic,NewOrleans
2023-01-29,1.681369283,91682.43,3768.72,2177.22,3.14,76480.36,,,,organic,NewYork
2023-01-29,1.273245406,27764.99,222.12,0.0,0.0,19376.68,,,,organic,Orlando
2023-01-29,1.511653729,3511.62,1.89,226.53,0.0,2768.25,,,,organic,PeoriaSpringfield
2023-01-29,1.720274916,25082.23,998.4,1036.23,1.15,19561.72,,,,organic,Philadelphia
2023-01-29,1.203934281,30134.19,2312.04,467.48,0.0,13085.76,,,,organic,PhoenixTucson
2023-01-29,1.63824547,8326.04,884.3,230.6,0.0,6199.24,,,,organic,Pittsburgh
2023-01-29,1.915851376,32541.81,11.82,4124.7,0.0,7266.79,,,,organic,Portland
2023-01-29,1.756344188,3713.88,13.93,1.39,0.0,3698.56,,,,organic,Providence
2023-01-29,1.517732206,22298.59,618.64,2199.39,16.0,19383.93,,,,organic,RaleighGreensboro
2023-01-29,1.480570765,17408.54,3.98,1068.2,4.29,14208.87,,,,organic,RichmondNorfolk
2023-01-29,1.596187848,8609.3,4.2,552.64,0.0,5461.2,,,,organic,Roanoke
2023-01-29,1.119797419,41157.37,3264.13,1704.67,0.0,33398.95,,,,organic,Sacramento
2023-01-29,1.839997539,26413.73,1511.88,440.01,0.0,9317.31,,,,organic,SanDiego
2023-01-29,1.909702458,62572.89,5127.05,2316.52,0.0,40062.73,,,,organic,SanFrancisco
2023-01-29,2.199937427,75532.07,651.57,7777.94,13.46,8777.48,,,,organic,Seattle
2023-01-29,1.212948499,31995.17,781.72,1843.95,8.19,26127.13,,,,organic,SouthCarolina
2023-01-29,1.589446729,5185.22,127.71,506.57,0.0,2241.75,,,,organic,Spokane
2023-01-29,1.914967735,6887.55,1148.87,645.57,0.0,3428.78,,,,organic,StLouis
2023-01-29,1.553477898,4017.64,69.5,45.94,0.0,3827.92,,,,organic,Syracuse
2023-01-29,1.178237572,26782.99,252.71,0.0,0.0,15856.66,,,,organic,Tampa
2023-01-29,1.710594505,3537.41,26.88,247.02,0.0,2033.52,,,,organic,Toledo
2023-01-29,0.907256689,35503.49,1418.02,82.84,0.0,29288.51,,,,organic,WestTexNewMexico
2023-01-29,1.241387763,2994.4,410.88,1.06,0.0,1279.95,,,,organic,Wichita
2023-01-29,1.548394599,380999.88,22451.09,7821.28,0.0,199687.11,,,,organic,California
2023-01-29,1.605918579,142523.6,3134.19,14202.68,0.0,73255.21,,,,organic,GreatLakes
2023-01-29,1.605161843,195569.03,1720.26,15718.75,56.76,146734.01,,,,organic,Midsouth
2023-01-29,1.6971287,241925.09,7802.24,10695.98,5.44,206306.8,,,,organic,Northeast
2023-01-29,1.319636329,62318.37,8334.89,5469.14,0.0,43118.57,,,,organic,Plains
2023-01-29,1.228480825,157152.91,24219.58,3578.48,0.0,105638.89,,,,organic,SouthCentral
2023-01-29,1.142609155,282506.0,2081.91,6612.06,10.74,192717.6,,,,organic,Southeast
2023-01-29,1.421584332,374423.34,15729.57,18457.03,18.12,140502.16,,,,organic,West
2023-01-29,1.455130139,1837418.24,85473.72,82555.4,91.06,1107960.35,,,,organic,TotalUS
2023-02-05,1.066221281,125626.01,24268.88,71646.72,33.32,21840.6,,,,conventional,Albany
2023-02-05,0.884443496,827843.56,349872.49,15955.74,298.79,82044.62,,,,conventional,Atlanta
2023-02-05,1.303579647,911617.18,187762.93,277097.29,1451.98,355074.92,,,,conventional,BaltimoreWashington
2023-02-05,0.832416158,391476.8,185178.62,5152.97,28.71,84016.86,,,,conventional,BirminghamMontgomery
2023-02-05,1.033538492,114970.56,25749.52,8124.54,91.73,23113.12,,,,conventional,Boise
2023-02-05,1.39601737,596164.46,44489.02,313725.26,65.86,165108.67,,,,conventional,Boston
2023-02-05,1.092599771,187793.58,23647.58,55453.89,1729.33,99694.78,,,,conventional,BuffaloRochester
2023-02-05,1.151609717,380012.15,136787.1,58358.81,676.89,140212.34,,,,conventional,Charlotte
2023-02-05,1.260145989,816657.47,122317.57,97237.62,47469.66,230125.73,,,,conventional,Chicago
2023-02-05,1.12852402,288522.26,48302.35,54233.28,9722.65,47119.22,,,,conventional,CincinnatiDayton
2023-02-05,0.972066226,261529.07,57204.13,21368.85,10209.32,47339.91,,,,conventional,Columbus
2023-02-05,0.761546927,1413058.96,368851.65,88390.33,8114.36,481194.81,,,,conventional,DallasFtWorth
2023-02-05,0.983073309,950606.2,162039.9,84090.27,2847.88,362871.83,,,,conventional,Denver
2023-02-05,0.937505852,495953.16,93457.51,57788.15,63611.66,96202.51,,,,conventional,Detroit
2023-02-05,1.02916028,217394.44,21745.25,54274.63,69161.13,48103.26,,,,conventional,GrandRapids
2023-02-05,1.048788822,427688.55,165067.0,105269.72,14527.73,132082.06,,,,conventional,HarrisburgScranton
2023-02-05,1.431464914,324407.55,15687.89,219712.77,68.57,77368.52,,,,conventional,HartfordSpringfield
2023-02-05,0.738860002,993534.12,314742.38,77561.5,1188.76,336199.1,,,,conventional,Houston
2023-02-05,0.884251079,283283.95,52575.25,33156.61,17060.98,60310.21,,,,conventional,Indianapolis
2023-02-05,0.901789727,285584.13,153111.76,3920.22,61.02,75870.13,,,,conventional,Jacksonville
2023-02-05,0.834936196,518672.93,66000.67,37407.66,1501.22,140996.13,,,,conventional,LasVegas
2023-02-05,1.075608764,3073758.83,598362.23,16377.64,88890.4,701978.03,,,,conventional,LosAngeles
2023-02-05,0.941227951,154298.14,30336.47,6387.08,3377.65,37746.84,,,,conventional,Louisville
2023-02-05,0.916747411,1188592.59,675058.12,13934.02,103.47,286980.52,,,,conventional,MiamiFtLauderdale
2023-02-05,0.905368253,339796.34,108535.2,8412.58,23.57,98198.72,,,,conventional,Nashville
2023-02-05,1.097351683,472777.4,120544.14,217997.14,86.16,82302.05,,,,conventional,NorthernNewEngland
2023-02-05,0.745475213,360979.8,132002.13,2033.58,479.84,147613.91,,,,conventional,NewOrleans
2023-02-05,1.379035067,1704047.25,111156.04,864979.34,1468.19,630018.28,,,,conventional,NewYork
2023-02-05,0.88217044,707130.15,352083.49,6103.33,82.22,245986.63,,,,conventional,Orlando
2023-02-05,0.855500595,135990.63,36575.91,7387.66,10383.55,38323.0,,,,conventional,PeoriaSpringfield
2023-02-05,1.13058729,621086.24,155210.6,180944.8,11386.06,211715.53,,,,conventional,Philadelphia
2023-02-05,0.725979339,1698918.54,388126.07,159518.12,3602.19,220927.93,,,,conventional,PhoenixTucson
2023-02-05,1.357987492,125707.76,42937.48,17762.63,53.17,48076.34,,,,conventional,Pittsburgh
2023-02-05,1.131900517,607173.61,82849.81,57511.39,8051.68,90962.96,,,,conventional,Portland
2023-02-05,1.447107917,86353.69,4087.54,48830.68,28.74,21916.65,,,,conventional,Providence
2023-02-05,1.115360731,452278.7,157847.39,71433.58,715.4,170299.86,,,,conventional,RaleighGreensboro
2023-02-05,1.003540468,345334.43,98022.41,72762.12,197.69,99663.64,,,,conventional,RichmondNorfolk
2023-02-05,0.911751644,212205.84,62613.69,23636.56,645.51,56701.24,,,,conventional,Roanoke
2023-02-05,1.493288746,400411.91,111114.85,103101.45,144.83,93243.39,,,,conventional,Sacramento
2023-02-05,1.183799861,532068.35,116889.2,7693.78,10643.61,127668.72,,,,conventional,SanDiego
2023-02-05,1.46404432,687694.54,236248.97,92550.5,1247.72,124863.92,,,,conventional,SanFrancisco
2023-02-05,1.305816569,563334.6,62435.83,64484.06,3869.54,98992.24,,,,conventional,Seattle
2023-02-05,0.997732489,585914.05,249394.88,43211.62,378.06,144257.65,,,,conventional,SouthCarolina
2023-02-05,1.094863046,82858.5,12147.88,12602.35,17.01,18624.3,,,,conventional,Spokane
2023-02-05,0.939983744,221220.8,76857.55,4436.31,22.68,69776.75,,,,conventional,StLouis
2023-02-05,1.048996991,84066.85,11902.29,34463.55,356.04,31242.62,,,,conventional,Syracuse
2023-02-05,0.882910598,767272.6,415242.83,6074.15,45.36,211494.96,,,,conventional,Tampa
2023-02-05,0.888884672,150366.04,27961.57,22297.94,12538.3,26148.93,,,,conventional,Toledo
2023-02-05,0.758857195,1040748.43,262824.85,71129.25,2621.08,378308.91,,,,conventional,WestTexNewMexico
2023-02-05,0.812934184,113802.86,25482.19,5029.98,77.49,35253.8,,,,conventional,Wichita
2023-02-05,1.204475113,5882831.11,1453097.06,374818.32,110738.92,1282981.21,,,,conventional,California
2023-02-05,1.011145074,4223112.38,781042.79,614850.64,381391.54,953547.32,,,,conventional,GreatLakes
2023-02-05,1.071074272,4215780.28,1256813.19,691601.51,12919.1,1348087.72,,,,conventional,Midsouth
2023-02-05,1.261342547,5181478.79,778415.15,2340744.22,31475.75,1649386.41,,,,conventional,Northeast
2023-02-05,0.961686901,2070197.24,635991.22,388293.29,6292.56,683696.33,,,,conventional,Plains
2023-02-05,0.757769814,5467767.31,1733901.11,358411.7,40916.65,1952962.78,,,,conventional,SouthCentral
2023-02-05,0.892537293,6423533.31,3189907.95,125395.09,1545.08,1543493.23,,,,conventional,Southeast
2023-02-05,0.924469434,7477887.39,1436345.58,685120.94,28202.58,1697310.3,,,,conventional,West
2023-02-05,1.005980583,40942587.8,11265514.05,5579235.72,613482.19,11111465.28,,,,conventional,TotalUS
2023-02-05,1.769519086,3004.87,21.39,267.92,0.0,2501.49,,,,organic,Albany
2023-02-05,1.002031991,64589.1,56.09,4064.16,0.0,44820.73,,,,organic,Atlanta
2023-02-05,1.635039365,51222.87,262.66,2960.69,11.5,41868.55,,,,organic,BaltimoreWashington
2023-02-05,0.963851419,17469.79,30.32,269.16,0.0,16295.87,,,,organic,BirminghamMontgomery
2023-02-05,1.610969574,6367.8,123.95,468.39,0.0,1839.6,,,,organic,Boise
2023-02-05,1.688278329,31194.05,57.83,1188.01,0.0,29300.83,,,,organic,Boston
2023-02-05,1.74319916,11919.83,557.34,98.89,1.11,11226.17,,,,organic,BuffaloRochester
2023-02-05,1.521779266,18729.6,230.05,1880.74,8.85,15549.18,,,,organic,Charlotte
2023-02-05,1.610580798,34419.3,440.25,3545.36,0.0,14165.52,,,,organic,Chicago
2023-02-05,1.756011745,13237.12,15.82,2659.71,0.0,3513.67,,,,organic,CincinnatiDayton
2023-02-05,1.878054713,8323.45,404.22,509.35,0.0,3637.95,,,,organic,Columbus
2023-02-05,1.27211097,43821.13,5679.65,381.89,0.0,23478.44,,,,organic,DallasFtWorth
2023-02-05,1.09773497,41171.95,4533.89,273.25,0.0,12366.51,,,,organic,Denver
2023-02-05,1.686339408,11029.54,331.66,1602.84,0.0,5233.18,,,,organic,Detroit
2023-02-05,1.554831362,4331.76,9.56,677.81,0.0,3644.38,,,,organic,GrandRapids
2023-02-05,1.439534441,14265.88,224.35,596.38,0.0,13445.16,,,,organic,HarrisburgScranton
2023-02-05,1.842034111,15506.8,279.7,3518.07,0.0,11664.81,,,,organic,HartfordSpringfield
2023-02-05,1.028463561,22673.57,3664.49,14.25,0.0,12761.84,,,,organic,Houston
2023-02-05,1.502687262,7589.48,141.53,424.85,0.0,4165.57,,,,organic,Indianapolis
2023-02-05,1.388470857,6763.56,68.87,158.9,0.0,5250.88,,,,organic,Jacksonville
2023-02-05,1.210527083,15588.17,1208.11,252.07,0.0,6394.24,,,,organic,LasVegas
2023-02-05,1.646158539,113296.83,6418.54,944.9,0.0,51533.25,,,,organic,LosAngeles
2023-02-05,1.756025098,5561.1,0.94,610.82,0.0,1167.95,,,,organic,Louisville
2023-02-05,1.304829386,35103.48,315.55,3.42,0.0,23393.14,,,,organic,MiamiFtLauderdale
2023-02-05,1.826231602,14059.06,62.0,1238.85,0.0,4576.75,,,,organic,Nashville
2023-02-05,1.814507348,14960.5,217.09,381.26,0.0,12077.57,,,,organic,NorthernNewEngland
2023-02-05,1.100817183,4281.78,132.58,18.57,0.0,2875.95,,,,organic,NewOrleans
2023-02-05,1.707771543,97235.3,4440.72,2227.17,4.69,81605.44,,,,organic,NewYork
2023-02-05,1.246858276,25691.85,334.58,0.0,0.0,17519.48,,,,organic,Orlando
2023-02-05,1.585451797,3246.3,0.0,173.54,0.0,2363.14,,,,organic,PeoriaSpringfield
2023-02-05,1.601388111,24886.06,1058.28,1063.17,0.0,19703.5,,,,organic,Philadelphia
2023-02-05,1.233006775,28535.76,2532.31,489.41,0.0,10745.83,,,,organic,PhoenixTucson
2023-02-05,1.611724248,9494.78,917.78,25.91,0.0,7463.92,,,,organic,Pittsburgh
2023-02-05,1.962361543,33565.38,13.41,4497.55,0.0,4581.15,,,,organic,Portland
2023-02-05,1.735024041,4102.86,5.56,5.56,0.0,4091.75,,,,organic,Providence
2023-02-05,1.507011344,27846.41,660.62,2271.85,25.59,24428.56,,,,organic,RaleighGreensboro
2023-02-05,1.449783101,21120.44,3.22,1349.55,3.22,15786.02,,,,organic,RichmondNorfolk
2023-02-05,1.536942255,10429.53,1.16,945.07,0.0,5577.34,,,,organic,Roanoke
2023-02-05,1.171657067,37850.08,3375.39,1571.94,0.0,29738.53,,,,organic,Sacramento
2023-02-05,1.957236607,23005.38,1577.16,360.29,0.0,7652.14,,,,organic,SanDiego
2023-02-05,1.965295117,60993.36,3815.65,1824.67,0.0,38733.81,,,,organic,SanFrancisco
2023-02-05,2.334302938,59507.06,498.54,7000.93,8.98,6044.85,,,,organic,Seattle
2023-02-05,1.244419464,36104.31,1236.69,2017.63,9.37,29010.83,,,,organic,SouthCarolina
2023-02-05,1.907063016,4528.05,49.27,581.07,0.0,1451.1,,,,organic,Spokane
2023-02-05,1.975685624,7143.78,1551.22,585.0,0.0,3309.08,,,,organic,StLouis
2023-02-05,1.557096156,4224.65,111.84,52.98,0.0,3976.91,,,,organic,Syracuse
2023-02-05,1.208141299,23072.35,264.44,0.0,0.0,14529.21,,,,organic,Tampa
2023-02-05,1.608716979,3863.99,17.18,282.52,0.0,2130.01,,,,organic,Toledo
2023-02-05,1.25730066,22892.86,1372.13,135.33,0.0,12067.4,,,,organic,WestTexNewMexico
2023-02-05,1.25866985,2769.6,315.08,0.0,0.0,1593.9,,,,organic,Wichita
2023-02-05,1.637396646,303631.13,20831.48,6795.24,0.0,171760.16,,,,organic,California
2023-02-05,1.597760743,134140.71,2809.9,12797.19,0.0,70886.79,,,,organic,GreatLakes
2023-02-05,1.548037329,223876.54,1883.56,17345.27,63.37,163465.16,,,,organic,Midsouth
2023-02-05,1.686529912,249432.67,8761.81,10465.92,6.82,213051.49,,,,organic,Northeast
2023-02-05,1.358077847,56347.8,7960.03,2959.95,0.0,40851.52,,,,organic,Plains
2023-02-05,1.154962,151910.34,14842.37,2843.71,22.15,103761.78,,,,organic,SouthCentral
2023-02-05,1.140625864,281660.17,2665.54,8493.12,12.82,207407.42,,,,organic,Southeast
2023-02-05,1.516590201,317843.54,16202.21,18172.67,12.46,98253.53,,,,organic,West
2023-02-05,1.474257417,1718842.9,75956.91,79873.06,117.63,1069437.84,,,,organic,TotalUS
2023-02-12,1.031113671,163727.05,36319.03,93661.48,14.62,24601.46,,,,conventional,Albany
2023-02-12,0.935157968,926620.79,367830.04,48799.67,131.67,147091.92,,,,conventional,Atlanta
2023-02-12,1.245265846,1042749.37,230833.15,312229.52,1969.34,394760.31,,,,conventional,BaltimoreWashington
2023-02-12,0.817063085,423922.81,201492.14,6784.52,45.71,100137.08,,,,conventional,BirminghamMontgomery
2023-02-12,0.927159235,155755.85,38709.68,10796.29,66.49,22899.6,,,,conventional,Boise
2023-02-12,1.346753984,626859.19,58567.9,350670.33,56.59,150801.1,,,,conventional,Boston
2023-02-12,1.036473771,224955.2,50389.86,58134.22,1377.63,107549.36,,,,conventional,BuffaloRochester
2023-02-12,1.03223086,458129.99,180579.94,78872.02,826.36,145403.76,,,,conventional,Charlotte
2023-02-12,0.828306424,1328379.87,155253.53,206793.27,72297.68,260693.63,,,,conventional,Chicago
2023-02-12,1.053363738,346289.94,48974.88,68863.34,15637.34,48359.18,,,,conventional,CincinnatiDayton
2023-02-12,0.996876618,297335.04,56054.86,36073.25,11992.0,48206.16,,,,conventional,Columbus
2023-02-12,0.680491862,1910108.93,372902.25,168055.25,12358.2,814472.88,,,,conventional,DallasFtWorth
2023-02-12,1.035195787,1228841.48,199914.73,117471.52,2440.06,290197.7,,,,conventional,Denver
2023-02-12,0.941796761,613395.63,90843.59,106708.27,80249.95,98333.72,,,,conventional,Detroit
2023-02-12,0.841421941,269333.72,32687.41,82999.33,82680.97,38145.19,,,,conventional,GrandRapids
2023-02-12,1.041818469,443693.81,148712.83,120758.42,18197.31,142190.83,,,,conventional,HarrisburgScranton
2023-02-12,1.256503203,424810.44,20932.22,317165.79,132.89,75864.83,,,,conventional,HartfordSpringfield
2023-02-12,0.744299913,1151154.68,275800.3,150454.42,1358.1,414153.01,,,,conventional,Houston
2023-02-12,0.933018938,319514.06,55310.79,56579.32,20658.0,78987.04,,,,conventional,Indianapolis
2023-02-12,0.89322668,298767.81,156482.81,3905.53,30.87,75068.76,,,,conventional,Jacksonville
2023-02-12,0.978262063,467422.86,57396.28,41075.76,525.19,155602.24,,,,conventional,LasVegas
2023-02-12,1.115893666,3574066.02,513328.6,18581.64,188426.97,743597.97,,,,conventional,LosAngeles
2023-02-12,0.93741567,169355.32,26954.7,13122.15,4506.94,40489.63,,,,conventional,Louisville
2023-02-12,0.905108916,1246615.35,717908.27,15821.49,155.15,272863.76,,,,conventional,MiamiFtLauderdale
2023-02-12,0.879904648,376077.59,119750.36,14510.86,81.17,100206.9,,,,conventional,Nashville
2023-02-12,0.94860124,637296.11,197531.69,307664.5,59.04,88257.98,,,,conventional,NorthernNewEngland
2023-02-12,0.681320482,386483.75,134143.99,2068.63,711.04,176728.93,,,,conventional,NewOrleans
2023-02-12,1.362831867,2466262.06,157614.88,1539472.58,1537.65,651494.08,,,,conventional,NewYork
2023-02-12,0.868234939,740457.47,359964.52,5855.85,49.85,241859.44,,,,conventional,Orlando
2023-02-12,0.79391368,163580.61,44822.08,14243.38,11649.47,44194.77,,,,conventional,PeoriaSpringfield
2023-02-12,1.152521835,724770.04,131048.44,279040.5,15683.18,230105.14,,,,conventional,Philadelphia
2023-02-12,0.829792628,1619116.24,447905.59,177020.11,4776.88,236347.22,,,,conventional,PhoenixTucson
2023-02-12,0.994950128,183873.05,74936.48,18634.97,57.01,50667.26,,,,conventional,Pittsburgh
2023-02-12,1.074656604,799625.79,100330.67,81827.07,8606.79,107328.26,,,,conventional,Portland
2023-02-12,1.48154001,83293.62,5079.38,49555.49,13.67,17830.0,,,,conventional,Providence
2023-02-12,0.963711508,557026.57,218728.96,101850.12,774.07,177334.39,,,,conventional,RaleighGreensboro
2023-02-12,0.946595408,415332.67,131654.38,90295.1,271.45,97127.56,,,,conventional,RichmondNorfolk
2023-02-12,0.900979472,256013.54,77777.68,35041.4,691.48,56514.12,,,,conventional,Roanoke
2023-02-12,1.233391296,582339.16,167238.25,187684.37,222.51,99198.22,,,,conventional,Sacramento
2023-02-12,1.072122241,616914.9,117472.27,8128.35,23177.04,125765.29,,,,conventional,SanDiego
2023-02-12,1.298558104,953030.73,341712.52,138319.46,1181.41,130514.91,,,,conventional,SanFrancisco
2023-02-12,1.247757192,630250.69,72171.63,85518.22,4186.51,85430.86,,,,conventional,Seattle
2023-02-12,0.947835359,681000.35,285999.07,71580.28,378.24,167804.31,,,,conventional,SouthCarolina
2023-02-12,1.063011529,93191.09,13272.57,14831.58,107.23,17344.53,,,,conventional,Spokane
2023-02-12,0.728271647,317465.08,120901.91,4631.35,14.17,75438.04,,,,conventional,StLouis
2023-02-12,0.986699647,103201.26,19969.15,39437.05,291.35,36527.38,,,,conventional,Syracuse
2023-02-12,0.872604313,814884.21,425329.72,6492.51,83.27,212238.98,,,,conventional,Tampa
2023-02-12,0.917509665,174184.81,26516.44,33874.4,17359.22,28470.05,,,,conventional,Toledo
2023-02-12,0.702926623,1181178.08,272457.16,127679.74,4977.18,407247.68,,,,conventional,WestTexNewMexico
2023-02-12,0.861681279,149333.5,27950.6,14612.48,75.36,38873.37,,,,conventional,Wichita
2023-02-12,1.160223688,7253322.98,1639226.47,600677.4,230450.67,1343614.54,,,,conventional,California
2023-02-12,0.880396536,5419449.31,908184.86,968606.46,491089.98,1030267.97,,,,conventional,GreatLakes
2023-02-12,0.997284496,4930008.68,1567389.36,875184.94,16387.52,1425959.72,,,,conventional,Midsouth
2023-02-12,1.21975246,6644563.5,984434.64,3485401.68,39041.65,1708275.96,,,,conventional,Northeast
2023-02-12,0.86121924,2694086.65,762440.02,703601.55,4705.53,774320.23,,,,conventional,Plains
2023-02-12,0.712432854,6686885.38,1737146.69,663533.55,102990.6,2606964.17,,,,conventional,SouthCentral
2023-02-12,0.887259225,6932422.22,3352159.48,213674.31,1315.41,1658220.8,,,,conventional,Southeast
2023-02-12,0.961728515,8460001.74,1653800.4,910064.65,29652.55,1666599.58,,,,conventional,West
2023-02-12,0.970595743,49020740.44,12604781.93,8420744.54,915633.91,12214222.96,,,,conventional,TotalUS
2023-02-12,1.767550475,2817.29,35.64,285.04,0.0,2367.81,,,,organic,Albany
2023-02-12,0.942095578,62239.91,50.51,3976.24,0.0,44241.05,,,,organic,Atlanta
2023-02-12,1.659212671,50142.79,362.92,2619.2,25.25,40197.57,,,,organic,BaltimoreWashington
2023-02-12,0.871572786,19425.97,53.51,243.66,0.0,15126.66,,,,organic,BirminghamMontgomery
2023-02-12,1.525776161,7056.18,134.67,573.26,0.0,2305.8,,,,organic,Boise
2023-02-12,1.590614097,34472.48,40.3,1650.42,0.0,32134.94,,,,organic,Boston
2023-02-12,1.676162562,11848.4,424.33,67.76,0.0,11323.27,,,,organic,BuffaloRochester
2023-02-12,1.443536322,19418.92,112.56,1646.74,3.32,16370.91,,,,organic,Charlotte
2023-02-12,1.382114392,43893.97,823.87,5670.87,0.0,19679.04,,,,organic,Chicago
2023-02-12,1.743505098,12936.53,17.94,2281.94,0.0,3675.61,,,,organic,CincinnatiDayton
2023-02-12,1.792663961,8495.88,317.7,568.26,0.0,3488.32,,,,organic,Columbus
2023-02-12,1.178287949,46107.14,4694.8,281.32,0.0,25121.68,,,,organic,DallasFtWorth
2023-02-12,1.157982285,40784.14,4910.39,351.27,0.0,10843.88,,,,organic,Denver
2023-02-12,1.610624415,11848.49,287.42,2008.17,0.0,5274.98,,,,organic,Detroit
2023-02-12,1.537482067,3794.53,23.68,362.15,0.0,3408.7,,,,organic,GrandRapids
2023-02-12,1.437776834,14820.21,269.56,520.75,0.0,13990.75,,,,organic,HarrisburgScranton
2023-02-12,1.765156196,17332.99,635.31,5352.98,1.46,11265.11,,,,organic,HartfordSpringfield
2023-02-12,1.007541813,21806.13,3853.83,57.09,0.0,11859.97,,,,organic,Houston
2023-02-12,1.50318257,8383.23,114.68,554.6,0.0,4532.5,,,,organic,Indianapolis
2023-02-12,1.362043328,6247.56,72.94,146.27,0.0,4833.57,,,,organic,Jacksonville
2023-02-12,1.057231195,18314.78,1377.91,195.25,0.0,9107.96,,,,organic,LasVegas
2023-02-12,1.463058076,128827.56,7997.36,1065.68,0.0,66488.73,,,,organic,LosAngeles
2023-02-12,1.509515932,5999.11,0.0,673.19,0.0,689.9,,,,organic,Louisville
2023-02-12,1.268144364,32746.76,328.87,3.43,0.0,23227.55,,,,organic,MiamiFtLauderdale
2023-02-12,1.623258408,18917.56,34.31,1685.71,0.0,4007.09,,,,organic,Nashville
2023-02-12,1.674595177,13493.75,67.34,315.74,0.0,11278.61,,,,organic,NorthernNewEngland
2023-02-12,0.701102271,11128.56,104.52,34.75,0.0,2352.23,,,,organic,NewOrleans
2023-02-12,1.713471576,96941.4,7981.48,2525.51,9.36,76714.79,,,,organic,NewYork
2023-02-12,1.207152092,24618.64,247.97,0.0,0.0,19610.88,,,,organic,Orlando
2023-02-12,1.610142728,3331.73,0.0,219.3,0.0,2280.76,,,,organic,PeoriaSpringfield
2023-02-12,1.559548748,28329.67,2041.09,1055.6,0.0,21707.91,,,,organic,Philadelphia
2023-02-12,1.140948358,28261.57,2153.51,420.58,0.0,12942.3,,,,organic,PhoenixTucson
2023-02-12,1.545753958,7570.07,645.34,6.82,0.0,6099.2,,,,organic,Pittsburgh
2023-02-12,1.866557722,38221.34,13.02,5722.55,0.0,5720.4,,,,organic,Portland
2023-02-12,1.638507747,4055.05,1.39,13.89,0.0,4039.77,,,,organic,Providence
2023-02-12,1.434022052,27818.56,531.5,1752.19,20.24,24336.43,,,,organic,RaleighGreensboro
2023-02-12,1.385166635,20559.24,1.07,1184.53,4.29,15189.11,,,,organic,RichmondNorfolk
2023-02-12,1.444783112,10113.84,1.15,838.07,0.0,5937.57,,,,organic,Roanoke
2023-02-12,1.125532688,38441.83,2068.6,1102.0,0.0,31950.2,,,,organic,Sacramento
2023-02-12,1.821455037,23060.45,1619.62,362.76,0.0,7727.48,,,,organic,SanDiego
2023-02-12,1.931262021,64107.62,3607.53,1736.01,0.0,43069.05,,,,organic,SanFrancisco
2023-02-12,2.312108163,73285.05,570.41,13238.41,15.72,7612.5,,,,organic,Seattle
2023-02-12,1.165609305,32587.97,686.15,1599.01,10.53,27108.1,,,,organic,SouthCarolina
2023-02-12,1.570638171,3829.72,107.02,635.34,0.0,1823.85,,,,organic,Spokane
2023-02-12,2.080138976,6587.37,1122.32,628.98,0.0,2746.8,,,,organic,StLouis
2023-02-12,1.468464114,4772.12,100.02,111.78,0.0,4494.66,,,,organic,Syracuse
2023-02-12,1.078825403,26382.26,287.13,0.0,0.0,16752.42,,,,organic,Tampa
2023-02-12,1.597524611,3902.93,10.22,324.54,0.0,1899.0,,,,organic,Toledo
2023-02-12,0.892812621,39204.46,1149.19,87.1,0.0,26560.82,,,,organic,WestTexNewMexico
2023-02-12,1.481642371,3018.71,367.02,19.12,0.0,1399.65,,,,organic,Wichita
2023-02-12,1.516376846,333248.38,20406.06,5954.54,0.0,204675.78,,,,organic,California
2023-02-12,1.517294073,141662.16,3014.34,14980.25,0.0,72764.3,,,,organic,GreatLakes
2023-02-12,1.484236998,226789.64,1709.24,16138.65,67.63,158881.51,,,,organic,Midsouth
2023-02-12,1.64727046,255456.87,13555.71,13190.32,10.9,211193.37,,,,organic,Northeast
2023-02-12,1.42745716,52613.6,7342.21,2903.91,0.0,36918.45,,,,organic,Plains
2023-02-12,1.063406998,172770.65,15347.83,2805.38,365.49,113635.77,,,,organic,SouthCentral
2023-02-12,1.061329094,279001.68,2146.14,7878.95,13.82,205075.29,,,,organic,Southeast
2023-02-12,1.492497779,348369.27,16107.99,27142.22,19.32,120976.45,,,,organic,West
2023-02-12,1.4103289,1809912.24,79629.54,90994.22,477.17,1124120.92,,,,organic,TotalUS
2023-02-19,1.004346415,118353.18,24541.09,63434.89,26.91,21526.04,,,,conventional,Albany
2023-02-19,0.913320758,812283.59,339150.25,42187.1,105.73,173039.98,,,,conventional,Atlanta
2023-02-19,1.116986522,1046679.86,263608.58,299857.09,1555.56,383392.54,,,,conventional,BaltimoreWashington
2023-02-19,0.821156168,392103.81,196460.0,5638.69,52.86,98690.74,,,,conventional,BirminghamMontgomery
2023-02-19,1.043646919,118378.84,30569.73,9487.53,82.55,19596.86,,,,conventional,Boise
2023-02-19,1.339066091,590213.23,48721.76,318808.66,76.58,135632.19,,,,conventional,Boston
2023-02-19,1.052124844,178088.75,22134.23,52641.16,1679.43,93808.14,,,,conventional,BuffaloRochester
2023-02-19,1.021485544,391098.15,137224.51,43644.04,558.21,163466.35,,,,conventional,Charlotte
2023-02-19,1.107827385,836901.8,136198.67,112905.94,29945.39,224803.23,,,,conventional,Chicago
2023-02-19,1.063845041,291245.59,45613.72,57998.29,4343.77,46844.97,,,,conventional,CincinnatiDayton
2023-02-19,1.108467509,238960.82,43234.28,31239.19,3491.28,49423.86,,,,conventional,Columbus
2023-02-19,0.710276792,1590458.98,418003.97,122571.66,5561.08,500936.91,,,,conventional,DallasFtWorth
2023-02-19,1.029170239,968601.56,162711.82,102725.82,2281.62,302994.91,,,,conventional,Denver
2023-02-19,1.088249862,420214.67,66458.83,76652.86,17042.56,99265.19,,,,conventional,Detroit
2023-02-19,1.32387701,136931.57,25844.06,40020.65,19716.04,42627.15,,,,conventional,GrandRapids
2023-02-19,1.044484023,447082.36,158799.0,105893.98,25270.16,141052.26,,,,conventional,HarrisburgScranton
2023-02-19,1.313113374,323505.92,16103.41,224210.42,81.22,73064.3,,,,conventional,HartfordSpringfield
2023-02-19,0.75739939,1008707.05,280297.82,122714.14,870.29,299131.85,,,,conventional,Houston
2023-02-19,0.97786657,259407.4,48426.96,51125.66,6379.1,64331.15,,,,conventional,Indianapolis
2023-02-19,0.90110451,277861.57,154718.75,3634.15,36.85,70333.62,,,,conventional,Jacksonville
2023-02-19,0.965820659,417581.5,64518.76,28730.94,385.59,145880.35,,,,conventional,LasVegas
2023-02-19,1.167266803,2903223.6,515225.22,18598.23,106511.49,689325.57,,,,conventional,LosAngeles
2023-02-19,0.917909932,137036.41,29081.55,8768.32,1446.78,38606.19,,,,conventional,Louisville
2023-02-19,0.906869232,1133314.37,642751.42,15024.74,226.23,266268.49,,,,conventional,MiamiFtLauderdale
2023-02-19,0.852250573,328345.6,106908.99,11960.61,24.98,95706.84,,,,conventional,Nashville
2023-02-19,1.089589923,459642.02,123987.06,198198.5,20.13,86547.76,,,,conventional,NorthernNewEngland
2023-02-19,0.746284956,331003.56,120017.26,1720.85,296.64,139670.14,,,,conventional,NewOrleans
2023-02-19,1.303375995,1821729.4,111427.6,1049521.02,756.62,546070.24,,,,conventional,NewYork
2023-02-19,0.870728134,684803.99,342084.45,6153.04,78.4,223575.1,,,,conventional,Orlando
2023-02-19,0.876379122,120346.4,40043.39,8817.35,2853.62,36261.35,,,,conventional,PeoriaSpringfield
2023-02-19,1.103701627,626477.64,139905.65,190847.83,23266.71,212890.37,,,,conventional,Philadelphia
2023-02-19,0.860378032,1270409.98,356531.55,118782.27,3793.71,230069.36,,,,conventional,PhoenixTucson
2023-02-19,1.302793796,124022.66,38834.76,16818.54,90.82,49476.37,,,,conventional,Pittsburgh
2023-02-19,1.156219523,636452.7,89273.57,86158.51,5854.2,91617.51,,,,conventional,Portland
2023-02-19,1.438477775,85754.98,4646.64,52092.93,11.34,14796.48,,,,conventional,Providence
2023-02-19,1.034381754,459762.27,153665.62,61283.19,423.02,188867.74,,,,conventional,RaleighGreensboro
2023-02-19,1.029174026,322098.43,83540.85,68343.45,162.48,101721.91,,,,conventional,RichmondNorfolk
2023-02-19,0.971898336,196912.35,54434.56,26304.55,1012.89,53656.5,,,,conventional,Roanoke
2023-02-19,1.442132561,386605.74,113507.96,99250.88,166.32,84874.87,,,,conventional,Sacramento
2023-02-19,1.196344497,529417.78,110329.44,7570.42,13962.2,116177.55,,,,conventional,SanDiego
2023-02-19,1.474433437,618500.59,183127.73,107042.76,980.88,118828.25,,,,conventional,SanFrancisco
2023-02-19,1.394438535,506217.35,62887.52,72474.49,2938.74,75396.46,,,,conventional,Seattle
2023-02-19,0.962732103,602463.05,252940.58,46076.71,255.73,184635.01,,,,conventional,SouthCarolina
2023-02-19,1.142144806,76837.38,12608.96,14296.02,451.38,14676.49,,,,conventional,Spokane
2023-02-19,0.814006995,217912.49,83489.94,3028.67,11.34,62877.44,,,,conventional,StLouis
2023-02-19,0.994900182,82191.18,12245.62,32015.63,372.93,31077.32,,,,conventional,Syracuse
2023-02-19,0.875410325,742221.85,389430.86,6083.11,89.33,201838.65,,,,conventional,Tampa
2023-02-19,1.003834039,130853.14,22510.48,29715.38,4446.59,26752.74,,,,conventional,Toledo
2023-02-19,0.767319132,999140.02,291395.97,66183.27,2182.23,360070.78,,,,conventional,WestTexNewMexico
2023-02-19,0.834715973,115472.35,24187.88,9518.57,53.86,35972.89,,,,conventional,Wichita
2023-02-19,1.243609299,5595378.23,1279934.92,404688.51,134233.77,1229008.98,,,,conventional,California
2023-02-19,1.036336726,3844663.15,760942.72,678521.73,134997.7,940204.33,,,,conventional,GreatLakes
2023-02-19,1.004156203,4268303.57,1287584.56,701084.78,10998.23,1439228.65,,,,conventional,Midsouth
2023-02-19,1.210067019,5294634.66,761127.8,2522587.04,54102.7,1526596.41,,,,conventional,Northeast
2023-02-19,0.895980973,2173592.41,652821.29,444877.92,4213.59,707998.39,,,,conventional,Plains
2023-02-19,0.725043305,5945530.41,1895027.74,453706.63,34311.47,2026425.91,,,,conventional,SouthCentral
2023-02-19,0.885404757,6286115.65,3103340.65,166196.15,1312.42,1650652.91,,,,conventional,Southeast
2023-02-19,1.001408804,6921753.85,1464692.21,728940.13,22179.26,1566018.27,,,,conventional,West
2023-02-19,1.001519733,40329971.93,11205471.88,6100602.88,396349.14,11086133.85,,,,conventional,TotalUS
2023-02-19,1.712561798,2596.18,10.18,257.68,1.02,2162.65,,,,organic,Albany
2023-02-19,1.012431582,48543.46,73.19,3667.08,0.0,32262.61,,,,organic,Atlanta
2023-02-19,1.578127849,55074.84,429.85,2897.04,21.8,44021.29,,,,organic,BaltimoreWashington
2023-02-19,0.897228108,14768.32,28.26,274.77,0.0,12362.86,,,,organic,BirminghamMontgomery
2023-02-19,1.599539627,5313.23,121.41,474.94,0.0,1440.6,,,,organic,Boise
2023-02-19,1.621855861,31056.01,56.21,1319.27,0.0,29051.82,,,,organic,Boston
2023-02-19,1.783688351,10145.86,391.15,85.23,3.33,9566.63,,,,organic,BuffaloRochester
2023-02-19,1.557847946,19547.05,126.87,2084.93,11.04,15830.3,,,,organic,Charlotte
2023-02-19,1.323395524,45444.4,536.08,4756.84,0.0,22943.04,,,,organic,Chicago
2023-02-19,1.742424865,11823.2,11.61,2163.49,0.0,3301.74,,,,organic,CincinnatiDayton
2023-02-19,1.814165504,9113.83,394.02,594.27,0.0,3302.92,,,,organic,Columbus
2023-02-19,1.211891122,40357.6,4023.62,260.63,0.0,24341.33,,,,organic,DallasFtWorth
2023-02-19,1.136181429,39212.21,4239.61,264.8,0.0,11669.18,,,,organic,Denver
2023-02-19,1.591313564,11809.78,239.53,1856.19,0.0,5618.71,,,,organic,Detroit
2023-02-19,1.539427148,4375.58,5.67,497.77,0.0,3872.14,,,,organic,GrandRapids
2023-02-19,1.419974932,12917.71,120.49,440.91,0.0,12315.81,,,,organic,HarrisburgScranton
2023-02-19,1.755551252,16340.74,313.06,4004.51,0.0,11990.74,,,,organic,HartfordSpringfield
2023-02-19,0.994460439,19975.99,3238.16,57.1,0.0,11217.29,,,,organic,Houston
2023-02-19,1.485941175,8330.7,79.59,542.08,0.0,4559.96,,,,organic,Indianapolis
2023-02-19,1.215157083,12266.54,114.74,175.09,0.0,6102.55,,,,organic,Jacksonville
2023-02-19,1.23584716,13292.81,1243.66,231.48,0.0,4932.9,,,,organic,LasVegas
2023-02-19,1.600621993,115984.36,8149.4,1028.04,9.66,53454.62,,,,organic,LosAngeles
2023-02-19,1.472786642,6226.98,0.0,557.14,0.0,1126.96,,,,organic,Louisville
2023-02-19,1.314176716,39272.36,386.87,0.0,0.0,28069.87,,,,organic,MiamiFtLauderdale
2023-02-19,1.562666473,16063.72,43.65,1383.27,0.0,4599.07,,,,organic,Nashville
2023-02-19,1.58491762,14919.62,78.62,342.93,0.0,12575.94,,,,organic,NorthernNewEngland
2023-02-19,1.033131383,6515.13,71.55,9.23,0.0,2116.58,,,,organic,NewOrleans
2023-02-19,1.65820853,90956.85,3735.38,2334.39,0.0,75706.35,,,,organic,NewYork
2023-02-19,1.290932491,23871.3,285.11,0.0,0.0,20433.17,,,,organic,Orlando
2023-02-19,1.53468089,3115.44,0.0,183.26,0.0,2427.61,,,,organic,PeoriaSpringfield
2023-02-19,1.548989501,27223.27,1107.2,1155.75,0.0,21294.46,,,,organic,Philadelphia
2023-02-19,1.244159468,27718.35,2246.41,572.43,0.0,10629.54,,,,organic,PhoenixTucson
2023-02-19,1.613678237,7670.17,687.03,8.15,0.0,5860.68,,,,organic,Pittsburgh
2023-02-19,1.870855518,31900.67,1.34,5843.94,0.0,5202.75,,,,organic,Portland
2023-02-19,1.635607597,3723.73,5.05,5.56,0.0,3713.11,,,,organic,Providence
2023-02-19,1.518293494,27527.05,601.93,1839.53,38.32,23874.41,,,,organic,RaleighGreensboro
2023-02-19,1.38807912,22009.05,0.0,981.55,2.14,17412.1,,,,organic,RichmondNorfolk
2023-02-19,1.552723632,10176.46,0.0,718.84,0.0,6162.54,,,,organic,Roanoke
2023-02-19,1.155561825,39555.13,3012.84,1247.97,0.0,32386.84,,,,organic,Sacramento
2023-02-19,1.908560257,21457.33,1648.8,537.0,0.0,7940.36,,,,organic,SanDiego
2023-02-19,2.006742538,58862.25,4279.3,1542.1,0.0,37209.6,,,,organic,SanFrancisco
2023-02-19,2.241338632,76173.67,729.77,12227.54,22.45,7095.9,,,,organic,Seattle
2023-02-19,1.411405486,23021.69,858.75,1700.75,0.0,17088.7,,,,organic,SouthCarolina
2023-02-19,1.561430372,4259.43,95.15,626.95,0.0,1726.2,,,,organic,Spokane
2023-02-19,1.876044418,7588.97,2323.5,494.35,0.0,3192.92,,,,organic,StLouis
2023-02-19,1.519519468,4002.36,48.26,75.34,0.0,3809.84,,,,organic,Syracuse
2023-02-19,1.242917782,21715.15,366.75,1.04,0.0,16981.91,,,,organic,Tampa
2023-02-19,1.602845649,4078.06,15.96,323.52,0.0,1950.84,,,,organic,Toledo
2023-02-19,0.921065637,27297.88,974.81,130.41,0.0,22256.56,,,,organic,WestTexNewMexico
2023-02-19,1.471114177,2508.46,247.51,6.37,0.0,1160.25,,,,organic,Wichita
2023-02-19,1.626093236,302724.55,23522.29,6209.02,10.13,174184.0,,,,organic,California
2023-02-19,1.493921904,146942.68,4231.54,13824.74,0.0,79196.45,,,,organic,GreatLakes
2023-02-19,1.507134437,227099.22,1890.94,16367.02,104.43,162720.26,,,,organic,Midsouth
2023-02-19,1.625388506,241394.95,7299.15,11288.59,4.51,205204.11,,,,organic,Northeast
2023-02-19,1.349680775,52731.71,7857.74,1772.72,0.0,38067.41,,,,organic,Plains
2023-02-19,1.084188271,147196.01,12113.99,2716.7,0.0,99093.74,,,,organic,SouthCentral
2023-02-19,1.176778691,249392.25,2570.94,7739.89,4.11,179332.74,,,,organic,Southeast
2023-02-19,1.524304696,328066.79,15854.39,25944.73,23.83,108522.77,,,,organic,West
2023-02-19,1.45718141,1695548.18,75340.99,85863.42,147.01,1046321.48,,,,organic,TotalUS
2023-02-26,1.027978874,114420.2,23637.82,60379.17,55.01,23285.67,,,,conventional,Albany
2023-02-26,0.948194955,790376.55,318681.99,21211.79,54.26,222048.33,,,,conventional,Atlanta
2023-02-26,1.098050962,1054152.35,263365.81,305990.36,1808.93,386503.76,,,,conventional,BaltimoreWashington
2023-02-26,0.887553642,371564.68,175662.74,3770.23,30.24,111218.24,,,,conventional,BirminghamMontgomery
2023-02-26,0.897593643,118413.37,25527.04,9201.5,98.93,20515.25,,,,conventional,Boise
2023-02-26,1.284312601,593685.67,40682.03,348880.24,41.76,138317.46,,,,conventional,Boston
2023-02-26,1.066017236,182559.55,21722.94,51807.39,1880.33,101698.94,,,,conventional,BuffaloRochester
2023-02-26,1.131153136,367589.37,125332.06,49013.56,591.05,142930.52,,,,conventional,Charlotte
2023-02-26,1.107803015,877376.21,130273.32,111506.85,46787.1,286672.91,,,,conventional,Chicago
2023-02-26,1.007463822,282341.77,40829.82,37392.05,11011.28,81536.96,,,,conventional,CincinnatiDayton
2023-02-26,0.948812497,250617.2,45913.92,23069.85,10050.71,71348.23,,,,conventional,Columbus
2023-02-26,0.741103442,1471405.83,329004.55,127049.06,7629.63,542908.66,,,,conventional,DallasFtWorth
2023-02-26,1.02284656,844974.65,147420.51,75469.6,2079.17,310026.76,,,,conventional,Denver
